NomeInstituicao,Saldo
ITAU,94641755.0
NU PAGAMENTOS S.A. - INSTITUIÇÃO DE PAGAMENTO,90392870.0
NUBANK,82264331.0
BRADESCO,80675940.0
SANTANDER,61586381.0
CAIXA ECONÔMICA FEDERAL,61020963.0
BB,47632161.0
BTG PACTUAL,19162132.0
BANCO CSF S.A.,18901319.0
C6 BANK,18556487.0
INTER,15473775.0
BMG,15029554.0
ORIGINAL,14426760.0
MERCADO PAGO INSTITUIÇÃO DE PAGAMENTO LTDA.,13679574.0
"REALIZE CRÉDITO, FINANCIAMENTO E INVESTIMENTO S.A.",11348558.0
MERCANTIL DO BRASIL,10789433.0
SAFRA,10703541.0
"MIDWAY S.A. - CRÉDITO, FINANCIAMENTO E INVESTIMENTO",10282957.0
BANCO SICOOB,8868345.0
"MERCADO CRÉDITO SOCIEDADE DE CRÉDITO, FINANCIAMENTO E INVESTIMENTO S.A.",8761153.0
VOTORANTIM,7887685.0
CREDSYSTEM INSTITUIÇÃO DE PAGAMENTO LTDA,7540027.0
PORTO SEGURO,7475936.0
"PEFISA S.A. - CRÉDITO, FINANCIAMENTO E INVESTIMENTO",7339583.0
BRB,7112248.0
MASTER,6523389.0
WILL S.A. INSTITUICAO DE PAGAMENTO,6082343.0
BANRISUL,6046292.0
AGIBANK,5294886.0
NEON PAGAMENTOS S.A. - INSTITUIÇÃO DE PAGAMENTO,4913100.0
DAYCOVAL,4695395.0
FACTA FINANCEIRA S.A. - CRÉDITO FINANCIAMENTO E INVESTIMENTO,4688224.0
CREFISA,4284113.0
PINE,3583851.0
"WILL FINANCEIRA S.A. CRÉDITO, FINANCIAMENTO E INVESTIMENTO",3527580.0
NEON,3151560.0
NOVO BANCO CONTINENTAL S.A. - BANCO MÚLTIPLO,2973945.0
DMCARD,2852103.0
XP,2759413.0
BANCO TRIANGULO S.A.,2523084.0
BRASIL CARD INSTITUIÇÃO DE PAGAMENTOS LTDA,2434981.0
PAGBANK-PAGSEGURO,2397050.0
PARANÁ BANCO,2137752.0
BANCO DO NORDESTE DO BRASIL S.A.,1868335.0
FORTBRASIL INSTITUIÇÃO DE PAGAMENTO S/A,1768038.0
BANCO BNP PARIBAS BRASIL S.A.,1428669.0
OMNI,1422672.0
HONDA,1197167.0
BANCO VOLKSWAGEN S.A.,1136002.0
"ZEMA CRÉDITO, FINANCIAMENTO E INVESTIMENTO S/A",1134605.0
SENFFNET INSTITUIÇÃO DE PAGAMENTO LTDA.,950236.0
AFINZ INSTITUIÇÃO DE PAGAMENTO S.A.,941966.0
PAGSEGURO INTERNET INSTITUIÇÃO DE PAGAMENTO S.A.,901390.0
CREDI-SHOP S/A - INSTITUIÇÃO DE PAGAMENTO,865824.0
"LEBES FINANCEIRA S.A. - CRÉDITO, FINANCIAMENTO E INVESTIMENTO",855486.0
SEM PARAR SOCIEDADE DE CRÉDITO DIRETO S.A.,845365.0
BANCO COOPERATIVO SICREDI S.A.,812644.0
"AGORACRED S/A SOCIEDADE DE CRÉDITO, FINANCIAMENTO E INVESTIMENTO",775059.0
BANCO INBURSA S.A.,757357.0
BANESTES,698932.0
COOPERATIVA DE CREDITO VALE DO ITAJAI - VIACREDI,698350.0
BANCO YAMAHA MOTOR DO BRASIL S.A.,682524.0
BANCO DO ESTADO DO PARÁ S.A.,679052.0
BANCO AFINZ S.A. - BANCO MÚLTIPLO,664067.0
BANCO GM S.A.,641193.0
BANCO DO ESTADO DE SERGIPE S.A.,629686.0
UP.P SOCIEDADE DE EMPRÉSTIMO ENTRE PESSOAS S.A.,612946.0
QUERO-QUERO VERDECARD INSTITUIÇÃO DE PAGAMENTO S.A.,611377.0
"CREDIARE S.A. - CRÉDITO, FINANCIAMENTO E INVESTIMENTO",589092.0
"NEGRESCO S.A. - CREDITO, FINANCIAMENTO E INVESTIMENTOS",521590.0
"KREDILIG S.A. - CRÉDITO, FINANCIAMENTO E INVESTIMENTO",458083.0
BANCO TOYOTA DO BRASIL S.A.,437916.0
"VIA CERTA FINANCIADORA S.A. - CRÉDITO, FINANCIAMENTO E INVESTIMENTOS",409088.0
"CALCRED S.A. - CRÉDITO, FINANCIAMENTO E INVESTIMENTO",403199.0
"COOPERATIVA DE CRÉDITO, POUPANÇA E INVESTIMENTO DO SUDOESTE MT/PA - SICREDI SUDOESTE MT/PA",390160.0
"BECKER FINANCEIRA S.A. - CRÉDITO, FINANCIAMENTO E INVESTIMENTO",386816.0
M PAGAMENTOS S.A. - CRÉDITO FINANCIAMENTO E INVESTIMENTO,371110.0
COOPER CARD INSTITUIÇÃO DE PAGAMENTO LTDA.,318937.0
SWAP INSTITUIÇÃO DE PAGAMENTO S.A.,312848.0
"COOPERATIVA DE CRÉDITO, POUPANÇA E INVESTIMENTO CAMPOS GERAIS E GRANDE CURITIBA - SICREDI CAMPOS GERAIS E GRANDE CURITIBA PR/SP",282189.0
"COOPERATIVA DE CRÉDITO, POUPANÇA E INVESTIMENTO NORTE MATO-GROSSENSE E OESTE PARAENSE - SICREDI GRANDES RIOS MT/PA/AM",271914.0
"COOPERATIVA DE CRÉDITO, POUPANÇA E INVESTIMENTO UNIÃO DE ESTADOS RIO GRANDE DO SUL, SANTA CATARINA E MINAS GERAIS - SICREDI UNIESTADOS",269048.0
BANCO SEMEAR S.A.,266265.0
STELLANTIS,263781.0
NATURA &CO PAY SOCIEDADE DE CRÉDITO DIRETO S.A.,250364.0
BANCO DIGIMAIS S.A.,249383.0
ACESSO SOLUÇÕES DE PAGAMENTO S.A. - INSTITUIÇÃO DE PAGAMENTO,247519.0
ALESTA SOCIEDADE DE CREDITO DIRETO S.A.,244266.0
"COOPERATIVA DE CRÉDITO, POUPANÇA E INVESTIMENTO DEXIS - SICREDI DEXIS",239914.0
"COOPERATIVA DE CRÉDITO, POUPANÇA E INVESTIMENTO VANGUARDA - SICREDI VANGUARDA PR/SP/RJ",235517.0
"CENTROCRED S.A. CRÉDITO, FINANCIAMENTO E INVESTIMENTOS",232838.0
"COOPERATIVA DE CRÉDITO, POUPANÇA E INVESTIMENTO SICREDI PIONEIRA RS - SICREDI PIONEIRA RS",228615.0
BANCO PAULISTA S.A.,227042.0
MULVI INSTITUICAO DE PAGAMENTO S.A.,223498.0
INDUSTRIAL DO BRASIL,220719.0
"COOPERATIVA DE CRÉDITO, POUPANÇA E INVESTIMENTO DO CENTRO SUL DO MATO GROSSO DO SUL E BAHIA - SICREDI CENTRO-SUL MS/BA",217433.0
"HS FINANCEIRA S/A CREDITO, FINANCIAMENTO E INVESTIMENTOS",215790.0
"COOPERATIVA DE CRÉDITO, POUPANÇA E INVESTIMENTO OURO VERDE DO MATO GROSSO - SICREDI OURO VERDE MT",215183.0
QI,209273.0
ANDBANK,207306.0
"GAZINCRED S.A. SOCIEDADE DE CRÉDITO, FINANCIAMENTO E INVESTIMENTO",206378.0
"COOPERATIVA DE CRÉDITO, POUPANÇA E INVESTIMENTO UNIÃO - SICREDI UNIAO RS/ES",203611.0
"COOPERATIVA DE CRÉDITO, POUPANÇA E INVESTIMENTO VALE DO PIQUIRI ABCD - SICREDI VALE DO PIQUIRI ABCD PR/SP",200555.0
"COOPERATIVA DE CRÉDITO, POUPANÇA E INVESTIMENTO SORRISO - SICREDI CELEIRO MT/RR",194018.0
"COOPERATIVA DE CRÉDITO, POUPANÇA E INVESTIMENTO CONEXÃO - SICREDI CONEXÃO",188060.0
COOPERATIVA DE CRÉDITO SICREDI SERRANA RS/ES,175384.0
COOPERATIVA DE CRÉDITO ALIANÇA RS/SC/ES - SICREDI ALIANÇA RS/SC/ES,174563.0
COOPERATIVA DE CRÉDITO MAXI ALFA DE LIVRE ADMISSÃO DE ASSOCIADOS - SICOOB MAXICRÉDITO,162121.0
"COOPERATIVA DE CRÉDITO, POUPANÇA E INVESTIMENTO UNIVALES - SICREDI UNIVALES MT/RO",160872.0
"COOPERATIVA DE CRÉDITO, POUPANÇA E INVESTIMENTO OURO BRANCO - SICREDI OURO BRANCO RS/MG",158071.0
COOPERATIVA DE CRÉDITO CONEXÃO - SICOOB CONEXÃO,156663.0
COOPERATIVA DE CRÉDITO DE LIVRE ADMISSÃO DO CENTRO SUL RONDONIENSE - SICOOB CREDIP.,154260.0
"COOPERATIVA DE CRÉDITO, POUPANÇA E INVESTIMENTO CELEIRO CENTRO OESTE - SICREDI CELEIRO CENTRO OESTE",153909.0
"QISTA S.A. - CRÉDITO, FINANCIAMENTO E INVESTIMENTO",148959.0
COOPERATIVA DE CRÉDITO SICOOB METROPOLITANO,147918.0
MOVA SOCIEDADE DE EMPRÉSTIMO ENTRE PESSOAS S.A.,145481.0
"COOPERATIVA DE CRÉDITO, POUPANÇA E INVESTIMENTO DO ARAGUAIA E XINGU - SICREDI ARAXINGU",141849.0
SOFISA,141355.0
"COOPERATIVA DE CRÉDITO, POUPANÇA E INVESTIMENTO UNIÃO DOS ESTADOS DE MATO GROSSO DO SUL, TOCANTINS E OESTE DA BAHIA - SICREDI UNIÃO MS/TO",140775.0
COOPERFORTE - COOPERATIVA DE ECONOMIA E CRÉDITO MÚTUO DE FUNCIONÁRIOS DE INSTITUIÇÕES FINANCEIRAS PÚBLICAS FEDERAIS LTDA.,136817.0
COOPERATIVA DE CRÉDITO DO VALE DO ITAJAÍ E LITORAL CATARINENSE - SICREDI VALE LITORAL SC,134986.0
"COOPERATIVA DE CRÉDITO, POUPANÇA E INVESTIMENTO RIO PARANÁ - SICREDI RIO PARANÁ",132895.0
"COOPERATIVA DE CRÉDITO, POUPANÇA E INVESTIMENTO ESSÊNCIA RS/ES - SICREDI ESSÊNCIA",132601.0
"COOPERATIVA DE CRÉDITO, POUPANÇA E INVESTIMENTO DO NORTE E NORDESTE DE SANTA CATARINA - SICREDI NORTE SC",129976.0
COOPERATIVA DE CRÉDITO DE LIVRE ADMISSÃO DO ALTO VALE DO ITAJAÍ - VIACREDI ALTO VALE,129871.0
"GRAZZIOTIN FINANCEIRA S/A - CRÉDITO, FINANCIAMENTO E INVESTIMENTOS",128747.0
COOPERATIVA DE CREDITO CREDICITRUS,128500.0
"CORA SOCIEDADE DE CRÉDITO, FINANCIAMENTO E INVESTIMENTO S.A.",128135.0
"COOPERATIVA DE CRÉDITO, POUPANÇA E INVESTIMENTO PLANALTO - SICREDI PLANALTO RS/MG",125527.0
"COOPERATIVA DE CRÉDITO, POUPANÇA E INVESTIMENTO DA REGIÃO ALTOS DA SERRA - SICREDI ALTOS DA SERRA RS/SC",123817.0
"COOPERATIVA DE CRÉDITO, POUPANÇA E INVESTIMENTO DO NOROESTE DE MATO GROSSO, ACRE E AMAZONAS - SICREDI BIOMAS",123592.0
"COOPERATIVA DE CRÉDITO, POUPANÇA E INVESTIMENTO INTEGRAÇÃO DO SUL DE MATO GROSSO, AMAPÁ E PARÁ - SICREDI INTEGRAÇÃO MT/AP/PA",121023.0
"COOPERATIVA DE CRÉDITO, POUPANÇA E INVESTIMENTO FRONTEIRAS DO PARANÁ, SANTA CATARINA E SÃO PAULO - SICREDI FRONTEIRAS PR/SC/SP",119458.0
BANCO DE LAGE LANDEN BRASIL S.A.,118978.0
BANCO DA AMAZONIA S.A.,117089.0
GPATIVA - COOPERATIVA DE ECONOMIA E CRÉDITO MÚTUO DOS EMPREGADOS DO GRUPO PÃO DE AÇÚCAR,113978.0
COOPERATIVA DE CRÉDITO DE LIVRE ADMISSÃO DE ASSOCIADOS SÃO MIGUEL DO OESTE - SICOOB SÃO MIGUEL SC/PR/RS,113109.0
CCB,110789.0
COOPERATIVA DE CRÉDITO E INVESTIMENTO DE LIVRE ADMISSÃO AGROEMPRESARIAL - SICREDI AGROEMPRESARIAL PR/SP,110613.0
"COOPERATIVA DE CRÉDITO, POUPANÇA E INVESTIMENTO DAS REGIÕES CENTRO DO RS E MG - SICREDI REGIÃO CENTRO RS/MG",108423.0
"COOPERATIVA DE CRÉDITO, POUPANÇA E INVESTIMENTO RAÍZES - SICREDI RAÍZES RS/SC/MG",105789.0
"COOPERATIVA DE CREDITO, POUPANÇA E INVESTIMENTO ALIANÇA - SICREDI ALIANÇA PR/SP",105683.0
COOPERATIVA DE CRÉDITO SUL-SERRANA DO ESPÍRITO SANTO,102569.0
COOPERATIVA DE CRÉDITO DE LIVRE ADMISSÃO CENTRO BRASILEIRA LTDA.,102557.0
SISPRIME DO BRASIL - COOPERATIVA DE CRÉDITO,102336.0
"COOPERATIVA DE CRÉDITO, POUPANÇA E INVESTIMENTO BOTUCARAÍ - SICREDI BOTUCARAÍ RS/MG",101104.0
"COOPERATIVA DE CRÉDITO, POUPANÇA E INVESTIMENTO VALE DO CERRADO - SICREDI VALE DO CERRADO",100422.0
SICOOB CREDICOM - COOPERATIVA DE ECONOMIA E CREDITO MUTUO DOS MEDICOS E PROFISSIONAIS DA AREA DE SAUDE DO BRASIL LTDA.,99799.0
COOPERATIVA DE CRÉDITO AGROCREDI LTDA. - SICOOB AGROCREDI,98604.0
"COOPERATIVA DE CRÉDITO, POUPANÇA E INVESTIMENTO DA REGIÃO DA PRODUÇÃO - SICREDI REGIÃO DA PRODUÇÃO RS/SC/MG",97301.0
"COOPERATIVA DE CRÉDITO, POUPANÇA E INVESTIMENTO INTEGRAÇÃO DE ESTADOS DO RIO GRANDE DO SUL, SANTA CATARINA E MINAS GERAIS - SICREDI INTEGRAÇÃO DE ESTADOS RS/SC/MG",95063.0
BANCO CNH INDUSTRIAL CAPITAL S.A.,92305.0
COOPERATIVA DE ECONOMIA E CRÉDITO MÚTUO DOS FUNCIONÁRIOS DO ATACADÃO,89748.0
"COOPERATIVA DE CRÉDITO, POUPANÇA E INVESTIMENTO SICREDI EVOLUÇÃO - SICREDI EVOLUÇÃO",89678.0
"JBCRED S.A. SOCIEDADE DE CREDITO, FINANCIAMENTO E INVESTIMENTO",88740.0
BARIGUI,88102.0
"COOPERATIVA DE CRÉDITO, POUPANÇA E INVESTIMENTO CAMINHO DAS ÁGUAS RS - SICREDI CAMINHO DAS ÁGUAS RS",87591.0
"COOPERATIVA DE CRÉDITO, POUPANÇA E INVESTIMENTO INTERESTADOS - SICREDI INTERESTADOS RS/ES",87407.0
AGÊNCIA DE FOMENTO DO PARANÁ S.A.,86278.0
BMW,86058.0
"COOPERATIVA DE CRÉDITO, POUPANÇA E INVESTIMENTO SUL RIOGRANDENSE - SICREDI ORIGENS RS",85998.0
COOPERATIVA DE CRÉDITO E INVESTIMENTO DO SUDOESTE  DA AMAZÔNIA LTDA - SICOOB CREDISUL,85660.0
"COOPERATIVA DE CRÉDITO, POUPANÇA E INVESTIMENTO VALE DO JAGUARI E ZONA DA MATA - SICREDI VALE DO JAGUARI E ZONA DA MATA RS/MG",85184.0
"COOPERATIVA DE CRÉDITO, POUPANÇA E INVESTIMENTO DO SUL DO ESTADO DE SANTA CATARINA - SICREDI SUL SC",84600.0
BARRACRED - COOPERATIVA DE ECONOMIA E CRÉDITO MÚTUO,83952.0
COOPERATIVA DE CRÉDITO SUL DO ESPÍRITO SANTO - SICOOB SUL,83256.0
"TODESCREDI S/A - CRÉDITO, FINANCIAMENTO E INVESTIMENTO",82550.0
"COOPERATIVA DE CRÉDITO, POUPANÇA E INVESTIMENTO DE CAMPO GRANDE E REGIÃO - SICREDI CAMPO GRANDE MS",82527.0
BANCO RODOBENS S.A.,82227.0
COOPERATIVA DE CRÉDITO ROTA DAS TERRAS - SICREDI ROTA DAS TERRAS RS/MG,82222.0
BANCO REGIONAL DE DESENVOLVIMENTO DO EXTREMO SUL,81946.0
"COOPERATIVA DE CRÉDITO, POUPANÇA E INVESTIMENTO DO PLANALTO CENTRAL - SICREDI PLANALTO CENTRAL",81913.0
"COOPERATIVA DE CRÉDITO, POUPANÇA E INVESTIMENTO REGIÕES DAS CULTURAS - SICREDI DAS CULTURAS RS/MG",81610.0
"COOPERATIVA DE CRÉDITO, POUPANÇA E INVESTIMENTO NOSSA TERRA - SICREDI NOSSA TERRA PR/SP",80831.0
BANCO SENFF S.A.,78918.0
COOPERATIVA DE CRÉDITO COOPERMAIS - SICOOB COOPERMAIS,78733.0
"COOPERATIVA DE CRÉDITO, POUPANÇA E INVESTIMENTO CENTRO SUL - SICREDI CENTRO SUL PR/SC/RJ",78076.0
"COOPERATIVA DE CRÉDITO, POUPANÇA E INVESTIMENTO NOVOS HORIZONTES - SICREDI NOVOS HORIZONTES PR/SP/RJ",77959.0
"COOPERATIVA DE CREDITO, POUPANÇA E INVESTIMENTO PARQUE DAS ARAUCARIAS - SICREDI PARQUE DAS ARAUCARIAS PR/SC/SP",77949.0
"COOPERATIVA DE CRÉDITO, POUPANÇA E INVESTIMENTO GRANDES LAGOS DO PARANÁ E LITORAL PAULISTA - SICREDI GRANDES LAGOS PR/SP",77685.0
COOPERATIVA DE CRÉDITO SICOOB VALE SUL,77466.0
COOPERATIVA DE CRÉDITO SICOOB OURO VERDE,77087.0
"COOPERATIVA DE CRÉDITO, POUPANÇA E INVESTIMENTO PARANAPANEMA SERRANA PR/SP/RJ - SICREDI PARANAPANEMA SERRANA PR/SP/RJ",76406.0
COOPERATIVA DE CRÉDITO DA FOZ DO RIO ITAJAÍ AÇU - CREDIFOZ,75799.0
COOPERATIVA DE CRÉDITO DO NORTE CATARINENSE - ACREDICOOP,75604.0
"COOPERATIVA DE CRÉDITO, POUPANÇA E INVESTIMENTO DA REGIÃO CENTRO OESTE PAULISTA - SICREDI CENTRO OESTE PAULISTA",75460.0
"COOPERATIVA DE CRÉDITO, POUPANÇA E INVESTIMENTO DE LAJEADO - SICREDI INTEGRAÇÃO RS/MG",74753.0
ASSOCIACAO DE POUPANCA E EMPRESTIMO - POUPEX,71334.0
COOPERATIVA DE CRÉDITO DA REGIÃO DO CONTESTADO - CIVIA,71221.0
"COOPERATIVA DE CRÉDITO, POUPANÇA E INVESTIMENTO IGUAÇU - SICREDI IGUAÇU PR/SC E REGIÃO METROPOLITANA DE CAMPINAS/SP",70957.0
"COOPERATIVA DE CRÉDITO, POUPANÇA E INVESTIMENTO DE IBIRAIARAS - SICREDI IBIRAIARAS RS/MG",70443.0
"COOPERATIVA DE CRÉDITO, POUPANÇA E INVESTIMENTO NORTE SUL - SICREDI NORTE SUL",69180.0
COOPERATIVA DE CRÉDITO GERAÇÕES - SICREDI GERAÇÕES RS/MG,65770.0
"COOPERATIVA DE CRÉDITO, POUPANÇA E INVESTIMENTO DA REGIÃO DOS VALES - SICREDI REGIÃO DOS VALES RS",65654.0
COOPERATIVA DE CRÉDITO DA REGIÃO MERIDIONAL DO BRASIL - SICOOB UNICOOB MERIDIONAL,64380.0
"COOPERATIVA DE CRÉDITO, POUPANÇA E INVESTIMENTO SUL MINAS DO RIO GRANDE DO SUL E MINAS GERAIS - SICREDI SUL MINAS RS/MG.",63566.0
COOPERATIVA DE CREDITO CREDIROCHAS - SICOOB CREDIROCHAS,63048.0
COOPERATIVA DE CRÉDITO EVOLUA,62548.0
"COOPERATIVA DE CRÉDITO, POUPANÇA E INVESTIMENTO TERRA DOS PINHEIRAIS DO PARANÁ E NOROESTE PAULISTA - SICREDI PLANALTO DAS ÁGUAS PR/SP",61853.0
"COOPERATIVA DE CRÉDITO, POUPANÇA E INVESTIMENTO DO VALE DO RIO PARDO - SICREDI VALE DO RIO PARDO RS",61675.0
COOPERATIVA DE CRÉDITO - SICREDI EXPANSÃO,61269.0
"COOPERATIVA DE CRÉDITO, POUPANÇA E INVESTIMENTO PROGRESSO - SICREDI PROGRESSO PR/SP",60798.0
"COOPERATIVA DE CRÉDITO, POUPANÇA E INVESTIMENTO DE ESPUMOSO - SICREDI ESPUMOSO RS/MG",60372.0
"COOPERATIVA DE CRÉDITO, POUPANÇA E INVESTIMENTO NOROESTE RS/MG - SICREDI NOROESTE RS/MG",60345.0
COOPERATIVA DE CRÉDITO DE LIVRE ADMISSÃO TRÊS FRONTEIRAS - SICOOB TRÊS FRONTEIRAS,58966.0
"COOPERATIVA DE CRÉDITO, POUPANÇA E INVESTIMENTO VALOR SUSTENTÁVEL - SICREDI VALOR SUSTENTÁVEL PR/SP",58396.0
COOPERATIVA DE CRÉDITO COOPERAÇÃO - SICREDI COOPERAÇÃO,57203.0
"RP FINANCEIRA S.A. - SOCIEDADE DE CRÉDITO, FINANCIAMENTO E INVESTIMENTO",57189.0
COOPERATIVA DE CRÉDITO SICOOB CREDICAPITAL,55972.0
COOPERATIVA DE CREDITO DE LIVRE ADMISSÃO DO SUL DE MINAS LTDA - SICOOB CREDIVASS,55275.0
SICOOB COCRED COOPERATIVA DE CRÉDITO,55070.0
"COOPERATIVA DE CRÉDITO, POUPANÇA E INVESTIMENTO DO CERRADO DE GOIÁS - SICREDI CERRADO GO",53697.0
COOPERATIVA DE CRÉDITO ARACOOP LTDA. - SICOOB ARACOOP,53618.0
"FINAMAX S.A. - CREDITO, FINANCIAMENTO E INVESTIMENTO",52908.0
CREDIBRF - COOPERATIVA DE CRÉDITO,52549.0
COOPERATIVA DE CRÉDITO E INVESTIMENTO COM INTERAÇÃO SOLIDÁRIA RAIZ - CRESOL RAIZ,51825.0
COOPERATIVA DE CRÉDITO DE LIVRE ADMISSÃO DO CENTRO NORTE BRASILEIRO,51688.0
"RPW S/A SOCIEDADE DE CRÉDITO, FINANCIAMENTO E INVESTIMENTO",51638.0
COOPERATIVA DE CRÉDITO DE LIVRE ADMISSÃO SICOOB ARENITO PARANÁ / SÃO PAULO,49874.0
COOPERATIVA DE CRÉDITO CREDILIVRE LTDA. - SICOOB CREDILIVRE,49360.0
COOPERATIVA DE CREDITO E INVESTIMENTO COM INTERACAO SOLIDARIA PIONEIRA - CRESOL PIONEIRA,48986.0
COOPERATIVA DE CRÉDITO E INVESTIMENTO SICOOB CENTRO - SICOOB CENTRO,48563.0
MERCEDES-BENZ,47478.0
COOPERATIVA DE CRÉDITO DE LIVRE ADMISSÃO DE ASSOCIADOS SUL CATARINENSE - SICOOB CREDISULCA SC,47168.0
COOPERATIVA DE CRÉDITO CREDICAF LTDA - SICOOB CREDICAF,45941.0
BANCO ARBI S.A.,45571.0
"COOPERATIVA DE CRÉDITO, POUPANÇA E INVESTIMENTO CENTRO SERRA - SICREDI CENTRO SERRA RS",45376.0
COOPERATIVA DE CRÉDITO MÚTUO DOS EMPREGADOS DA EMBRAER- SICOOB COOPEREMB,45305.0
COOPERATIVA DE CRÉDITO DE LIVRE ADMISSÃO DE SÃO ROQUE DE MINAS LTDA.,45185.0
COOPERATIVA DE CRÉDITO DE LIVRE ADMISSÃO DA UNIÃO DOS VALES DO PIRANGA E MATIPÓ LTDA. - SICOOB UNIÃO DOS VALES,44624.0
"COOPERATIVA DE CRÉDITO, POUPANÇA E INVESTIMENTO INTEGRAÇÃO - SICREDI INTEGRAÇÃO PR/SC",44445.0
COOPERATIVA DE CRÉDITO E INVESTIMENTO COM INTERAÇÃO SOLIDÁRIA DO VALE EUROPEU - CRESOL VALE EUROPEU,44139.0
COOPERATIVA DE CREDITO CREDISUDESTE LTDA. - SICOOB CREDISUDESTE,44137.0
COOPERATIVA DE CRÉDITO DE LIVRE ADMISSÃO DE  LAGOA DA PRATA E REGIÃO LTDA.   SICOOB LAGOACRED GERAIS,43975.0
COOPERATIVA DE CRÉDITO DE LIVRE ADMISSÃO DE ASSOCIADOS DO ALTO URUGUAI CATARINENSE - SICOOB CREDIAUC,43915.0
SICREDI CEARÁ - COOPERATIVA DE CRÉDITO DO ESTADO DO CEARÁ,43608.0
COOPERATIVA DE CRÉDITO LITORÂNEA,43350.0
COOPERATIVA DE CRÉDITO CREDIVAR LTDA. - SICOOB CREDIVAR,42990.0
"COOPERATIVA DE CRÉDITO DE LIVRE ADMISSÃO DO MÉDIO PIRACICABA, CIRCUITO DO OURO, GRANDE BH E RIO GRANDE DO NORTE LTDA. -  SICOOB CREDIMEPI",41768.0
COOPERATIVA DE CRÉDITO DOS EMPRESÁRIOS E EMPREGADOS DOS TRANSPORTES E CORREIOS DO SUL DO BRASIL - TRANSPOCRED,41641.0
COOPERATIVA DE CRÉDITO DE LIVRE ADMISSÃO DE ASSOCIADOS - SICOOB CREDICARU SC/RS,40881.0
COOPERATIVA DE CRÉDITO DA AMAZÔNIA - SICOOB AMAZÔNIA,40108.0
BANCO DE DESENVOLVIMENTO DE MINAS GERAIS S.A.-BDMG,39876.0
COOPERATIVA DE CRÉDITO SICOOB PRIMAVERA - SICOOB PRIMAVERA,39757.0
COOPERATIVA DE CRÉDITO E INVESTIMENTO COM INTERAÇÃO SOLIDÁRIA UNIÃO DOS VALES - CRESOL UNIÃO DOS VALES,39297.0
COOPERATIVA DE CRÉDITO POUPANÇA E INVESTIMENTO DA ALTA NOROESTE DE SÃO PAULO - SICREDI ALTA NOROESTE SP,38884.0
COOPERATIVA DE CRÉDITO INTEGRADO - SICOOB INTEGRADO,38615.0
COOPERATIVA DE CRÉDITO CREDINOR LTDA - SICOOB CREDINOR,38386.0
COOPERATIVA DE CRÉDITO CREDIVERTENTES LTDA. - SICOOB CREDIVERTENTES,37809.0
COOPERATIVA DE CREDITO CREDICERIPA - SICOOB CREDICERIPA,37125.0
ONCRED - SOCIEDADE DE CRÉDITO DIRETO S.A.,37116.0
COOPERATIVA DE CRÉDITO CREDINTER LTDA. - SICOOB CREDINTER,36576.0
"VALOR S/A SOCIEDADE DE CRÉDITO, FINANCIAMENTO E INVESTIMENTO",36576.0
COOPERATIVA DE CRÉDITO SICOOB SERTÃO LTDA,36524.0
COOPERATIVA DE CRÉDITO SUL-LITORÂNEA DO ESPÍRITO SANTO,36155.0
COOPERATIVA DE ECONOMIA E CRÉDITO MÚTUO DOS EMPREGADOS DO GRUPO FEMSA BRASIL,36052.0
COOPERATIVA DE CRÉDITO E ECONOMIA COM INTERAÇÃO SOLIDÁRIA - CRESOL NOROESTE,36033.0
COOPERATIVA DE CRÉDITO DE LIVRE ADMISSÃO DE ASSOCIADOS DO VALE DO CANOINHAS - SICOOB CREDICANOINHAS/SC,36029.0
COOPERATIVA DE CRÉDITO CREDIGUAÇU - SICOOB CREDIGUAÇU,36024.0
COOPERATIVA DE CRÉDITO DE LIVRE ADMISSÃO DE PERNAMBUCO - SICOOB PERNAMBUCO,35830.0
COOPERATIVA DE CRÉDITO POUPANÇA E INVESTIMENTO PANTANAL DO MATO GROSSO DO SUL - SICREDI PANTANAL MS,35756.0
COOPERATIVA DE CRÉDITO UNICRED CENTRO-SUL LTDA - UNICRED CENTRO-SUL,34743.0
"COOPERATIVA DE CRÉDITO, POUPANÇA E INVESTIMENTO DO NOROESTE DO ESTADO DE SÃO PAULO - SICREDI NOROESTE SP",34741.0
BANCO BRASILEIRO DE CRÉDITO SOCIEDADE ANÔNIMA,34241.0
COOPERATIVA DE CREDITO DE LIVRE ADMISSÃO DE ASSOCIADOS ITAIPU SICOOB CREDITAIPU,34151.0
"SANTINVEST S.A. - CREDITO, FINANCIAMENTO E INVESTIMENTOS",33996.0
COOPERATIVA DE CRÉDITO SUL - SICOOB SUL,33973.0
COOPERATIVA DE ECONOMIA E CREDITO MUTUO DOS MEDICOS DE PORTO ALEGRE LTDA-UNICRED PORTO ALEGRE,33903.0
COOPERATIVA DE CRÉDITO COOPACREDI LTDA. - SICOOB COOPACREDI,33793.0
COOPERATIVA DE CRÉDITO E INVESTIMENTO LIBERDADE - SICREDI LIBERDADE,33262.0
COOPERATIVA DE CRÉDITO ALTO VALE DO ITAJAÍ - SICOOB ALTO VALE,33226.0
COOPERATIVA DE CRÉDITO E INVESTIMENTO COM INTERAÇÃO SOLIDÁRIA FRONTEIRAS PR/SC/SP/ES - CRESOL FRONTEIRAS PR/SC/SP/ES,33133.0
COOPERATIVA DE CRÉDITO DE LIVRE ADMISSÃO DO SUDOESTE GOIANO,32503.0
COOPERATIVA DE CRÉDITO E ECONOMIA COM INTERAÇÃO SOLIDÁRIA DO PLANALTO SERRA DO RIO GRANDE DO SUL - CRESOL PLANALTO SERRA,32382.0
COOPERATIVA DE CRÉDITO E INVESTIMENTO COM INTERAÇÃO SOLIDÁRIA CENTRO SUL RS/MS - CRESOL CENTRO SUL RS/MS,32291.0
COOPERATIVA DE CRÉDITO DOS PROFISSIONAIS DOS CREAS E DEMAIS ÁREAS TECNOLÓGICAS - CREDCREA,32168.0
COOPERATIVA DE CRÉDITO UNICRED DESBRAVADORA LTDA - UNICRED DESBRAVADORA,32064.0
RECARGAPAY INSTITUICAO DE PAGAMENTO LTDA.,32039.0
"SICREDI RECIFE - COOPERATIVA DE CRÉDITO, POUPANÇA E INVESTIMENTO SICREDI RECIFE",31956.0
N26 SOCIEDADE DE CRÉDITO DIRETO S.A.,31849.0
SICOOB CREDICONSUMO - COOPERATIVA DE CRÉDITO,31598.0
"COOPERATIVA DE CRÉDITO DOS MÉDICOS, PROFISSIONAIS DA SAÚDE E EMPRESÁRIOS DE MATO GROSSO",31382.0
COOPERATIVA DE CRÉDITO UNICRED EVOLUÇÃO LTDA. - UNICRED EVOLUÇÃO,30887.0
COOPERATIVA DE CRÉDITO DE LIVRE ADMISSÃO DO CENTRO NORTE DOS ESTADOS DE MATO GROSSO E MATO GROSSO DO SUL - SICOOB UNIÃO MT/MS,30394.0
"COOPERATIVA DE CRÉDITO MÚTUO DOS EMPREGADOS DO MAGAZINE LUIZA, EMPRESAS CONTROLADAS E COLIGADAS - COOPLUIZA",30238.0
COOPERATIVA DE CRÉDITO DE LIVRE ADMISSÃO DE ASSOCIADOS DO VALE DO VINHO - SICOOB VALE DO VINHO,29906.0
COOPERATIVA DE CRÉDITO E INVESTIMENTO COM INTERAÇÃO SOLIDÁRIA ESSÊNCIA - CRESOL ESSÊNCIA,29678.0
COOPERATIVA DE CRÉDITO DE EMPRESÁRIOS - SICOOB/TRANSCREDI,29434.0
CREFAZ SOCIEDADE DE CRÉDITO AO MICROEMPREENDEDOR E A EMPRESA DE PEQUENO PORTE S.A.,29056.0
COOPERATIVA DE CRÉDITO DE LIVRE ADMISSÃO DA REGIÃO DO CIRCUITO CAMPOS DAS VERTENTES LTDA - SICOOB COPERMEC,28911.0
COOPERATIVA DE CRÉDITO UNICRED UNIÃO LTDA - UNICRED UNIÃO,28909.0
ALELO INSTITUICAO DE PAGAMENTO SA,28780.0
"LECCA CRÉDITO, FINANCIAMENTO E INVESTIMENTO S/A",28659.0
"COOPERATIVA DE ECONOMIA E CRÉDITO MÚTUO DOS SERVIDORES DA FEDERAÇÃO DO COMÉRCIO, SESC E SENAC DE SÃO PAULO",28483.0
COOPERATIVA DE CRÉDITO DE LIVRE ADMISSÃO DE ASSOCIADOS VALE DO CHAPECOZINHO - SICOOB VALCREDI SUL,28462.0
COOPERATIVA DE CRÉDITO DO NORTE E NOROESTE DE MINAS GERAIS LTDA. - SICOOB CREDIGERAIS,28313.0
ABC-BRASIL,27986.0
EMCASH SERVIÇOS FINANCEIROS SOCIEDADE DE EMPRÉSTIMO ENTRE PESSOAS S.A.,27762.0
COOPERATIVA DE CRÉDITO CREDIMATA LTDA. - SICOOB CREDIMATA,27523.0
COOPERATIVA DE CRÉDITO DO NORTE CATARINENSE E SUL PARANAENSE - SICOOB CREDINORTE,27437.0
COOPERATIVA DE CRÉDITO UNICRED VALOR CAPITAL LTDA - UNICRED VALOR CAPITAL,27370.0
COOPERATIVA DE CRÉDITO DE LIVRE ADMISSÃO DE ASSOCIADOS NOVA TRENTO   SICOOB TRENTOCREDI SC,27250.0
"SINOSSERRA FINANCEIRA S/A - SOCIEDADE DE CRÉDITO, FINANCIAMENTO E INVESTIMENTO",26934.0
COOPERÁGUIA - COOPERATIVA DE ECONOMIA E CRÉDITO MÚTUO DOS EMPREGADOS DO GRUPO ÁGUIA BRANCA,26888.0
CAPITAL CONSIG SOCIEDADE DE CRÉDITO DIRETO S.A.,26868.0
COOPERATIVA DE CRÉDITO DE LIVRE ADMISSÃO DE ASSOCIADOS OESTE CATARINENSE,26859.0
COOPERATIVA DE CRÉDITO COGEM,26856.0
COOPERATIVA DE CRÉDITO CREDISETE LTDA. - SICOOB CREDISETE,26745.0
BANCO FIBRA S.A.,26683.0
"COOPERATIVA DE CRÉDITO, POUPANÇA E INVESTIMENTO DO RIO GRANDE DO NORTE - SICREDI RIO GRANDE DO NORTE",26494.0
SICOOB MANTIQUEIRA - COOPERATIVA DE CRÉDITO DE LIVRE ADMISSÃO,26332.0
COOPERATIVA DE CRÉDITO DE LIVRE ADMISSÃO DO NORTE DE MATO GROSSO - SICOOB NORTE MT,26201.0
COOPERATIVA DE CRÉDITO DE LIVRE ADMISSÃO UNIÃO E NEGÓCIOS - SICOOB INTEGRAÇÃO,26123.0
COOPERATIVA DE CRÉDITO E INVESTIMENTO COM INTERAÇÃO SOLIDÁRIA DE MINAS GERAIS - CRESOL MINAS GERAIS,25959.0
COOPERATIVA DE POUPANÇA E CRÉDITO DO VALE DO RIO DOCE LTDA - SICOOB CREDIRIODOCE,25955.0
COOPERATIVA DE CRÉDITO DE LIVRE ADMISSÃO DA REGIÃO DE FRUTAL LTDA.   SICOOB FRUTAL,25861.0
COOPERATIVA DE CRÉDITO ORIGINAL - SICOOB ORIGINAL,25857.0
BANCO VOLVO BRASIL S.A.,25717.0
CREDISIS JICRED - COOPERATIVA DE CRÉDITO DE LIVRE ADMISSÃO JICRED,25603.0
BANCO JOHN DEERE S.A.,25598.0
COOPERATIVA DE CRÉDITO DE LIVRE ADMISSÃO DO SUL CATARINENSE - ACENTRA,25351.0
VR,25331.0
COOPERATIVA DE CRÉDITO CREDIBOM LTDA. - SICOOB CREDIBOM,25174.0
SICOOB CRESSEM - COOPERATIVA DE ECONOMIA E CRÉDITO MÚTUO DOS SERVIDORES MUNICIPAIS DA REGIÃO METROPOLITANA DO VALE DO PARAÍBA E LITORAL NORTE,25135.0
AGÊNCIA DE FOMENTO DE ALAGOAS S.A.,24989.0
COOPERATIVA DE CRÉDITO COCRE,24537.0
COOPERATIVA DE CRÉDITO SICOOB ALIANÇA,24360.0
AGENCIA DE FOMENTO DO RIO GRANDE DO NORTE S.A.,24323.0
COOPERATIVA DE CRÉDITO DOS PROFISSIONAIS DA ÁREA DA SAÚDE E DE LIVRE ADMISSÃO LTDA - UNICRED ALIANÇA,24317.0
COOPERATIVA DE CRÉDITO E INVESTIMENTO COM INTERAÇÃO SOLIDÁRIA HORIZONTE - CRESOL HORIZONTE,24221.0
COOPERATIVA DE CRÉDITO E INVESTIMENTO COM INTERAÇÃO SOLIDÁRIA TRADIÇÃO - CRESOL TRADIÇÃO,24213.0
SUMUP SOCIEDADE DE CRÉDITO DIRETO S.A.,24151.0
COOPERATIVA DE CRÉDITO E INVESTIMENTO COM INTERAÇÃO SOLIDÁRIA INTEGRAÇÃO - CRESOL INTEGRAÇÃO,24129.0
COOPERATIVA DE CRÉDITO CREDCOOPER LTDA - SICOOB CREDCOOPER,24075.0
SICOOB UNIMAIS METROPOLITANA - COOPERATIVA DE CRÉDITO DE LIVRE ADMISSÃO,23741.0
COOPERATIVA DE CRÉDITO CREDICOPE LTDA. - SICOOB CREDICOPE,23726.0
COOPERATIVA DE CRÉDITO UNIÃO CENTRO OESTE LTDA. - SICOOB UNIÃO CENTRO OESTE,23696.0
"SF3 CRÉDITO, FINANCIAMENTO E INVESTIMENTO S.A.",23639.0
COOPERATIVA DE CRÉDITO E INVESTIMENTO COM INTERAÇÃO SOLIDÁRIA UNIÃO - CRESOL UNIÃO,23428.0
CREDICOAMO CREDITO RURAL COOPERATIVA,23367.0
SICOOB AC CREDI - COOPERATIVA DE CRÉDITO DE LIVRE ADMISSÃO DO LESTE E NORDESTE MINEIRO LTDA.,23359.0
COOPERATIVA DE CREDITO DE LIVRE ADMISSAO DO CENTRO NORDESTE MINEIRO LTDA - SICOOB CREDICENM,23228.0
"COOPERATIVA DE CRÉDITO DOS MÉDICOS, DENTISTAS, PROFISSIONAIS DA ÁREA DE SAÚDE E DE LIVRE ADMISSÃO DO ESTADO DE SÃO PAULO LTDA. - UNICRED DO ESTADO DE SÃO PAULO",23177.0
COOPERATIVA DE CREDITO DO ALTO PARANAIBA E REGIÃO LTDA. - SICOOB CREDIPATOS,23173.0
COOPERATIVA DE CRÉDITO DE LIVRE ADMISSÃO DE ASSOCIADOS DO PLANALTO CATARINENSE SICOOB CREDIPLANALTO SC/RS,23082.0
COOPERATIVA DE CRÉDITO E ECONOMIA COM INTERAÇÃO SOLIDÁRIA - CRESOL ENCOSTAS DA SERRA GERAL,22938.0
COOPERATIVA DE CRÉDITO DE LIVRE ADMISSÃO DO ESTADO DE SÃO PAULO - SICOOB PAULISTA,22930.0
"COOPERATIVA DE CRÉDITO, POUPANÇA E INVESTIMENTO DE ARARAQUARA E REGIÃO - SICREDI MORADA DO SOL SP",22817.0
COOPERATIVA DE ECONOMIA E CRÉDITO MÚTUO UNICRED INTEGRAÇÃO LTDA.,22770.0
COOPERATIVA DE CRÉDITO CREDPLUS LTDA. - SICOOB CREDPLUS,22765.0
COOPERATIVA DE CRÉDITO SICOOB MÉDIO OESTE,22630.0
BIGCASH SOCIEDADE DE CREDITO DIRETO S.A.,22619.0
COOPERATIVA DE CRÉDITO DE LIVRE ADMISSÃO DE BELO HORIZONTE E CIDADES POLO DO ESTADO DE MINAS GERAIS LTDA. - SICOOB NOSSACOOP,22516.0
COOPERATIVA DE CRÉDITO DE LIVRE ADMISSÃO DE ASSOCIADOS DO SUL DO BRASIL - CREVISC,21680.0
COOPERATIVA DE CRÉDITO NOSSOCRÉDITO LTDA - SICOOB NOSSOCRÉDITO,21391.0
DESENVOLVE SP - AGÊNCIA DE FOMENTO DO ESTADO DE SÃO PAULO S.A.,21372.0
COOPERATIVA DE CRÉDITO  DE FRONTEIRAS  LTDA. - SICOOB FRONTEIRAS,21356.0
COOPERATIVA DE CRÉDITO CREDIFOR LTDA - SICOOB CREDIFOR,21355.0
EFÍ S.A. - INSTITUIÇÃO DE PAGAMENTO,21030.0
COOPERATIVA DE CRÉDITO DA REGIÃO E COLAR METROPOLITANO DO VALE DO AÇO LTDA. - SICOOB COSMIPA,20880.0
SCANIA BANCO S.A.,20789.0
COOPERATIVA DE CRÉDITO DE LIVRE ADMISSÃO DO VALE - SICOOB CREDIVALE/SC,20367.0
COOPERATIVA DE CRÉDITO DE LIVRE ADMISSÃO DO OESTE MINEIRO LTDA. - SICOOB CREDICOPA,20038.0
COOPERATIVA DE CRÉDITO E INVESTIMENTO COM INTERAÇÃO SOLIDÁRIA LIDERANÇA - CRESOL LIDERANÇA,19917.0
COOPERATIVA DE CRÉDITO CREDIJEQUITINHONHA LTDA. - SICOOB CREDIJEQUITINHONHA,19840.0
COOPERATIVA DE CRÉDITO CREDIVALE LTDA - SICOOB CREDIVALE,19629.0
COOPERATIVA DE CRÉDITO DE LIVRE ADMISSÃO DE ASSOCIADOS AURIVERDE -  SICOOB - CREDIAL SC/RS,19393.0
"COOPERATIVA DE CRÉDITO, POUPANÇA E INVESTIMENTO DA REGIÃO DAS FLORES, DAS ÁGUAS E DOS VENTOS SP - SICREDI FORÇA DOS VENTOS SP",19374.0
COOPERATIVA DE CRÉDITO DE LIVRE ADMISSÃO DO TOCANTINS LTDA,19348.0
COOPERATIVA DE CRÉDITO SICOOB COOPMIL,19185.0
"SIMPALA S.A. CRÉDITO, FINANCIAMENTO E INVESTIMENTO",19123.0
COOPERATIVA DE CRÉDITO E INVESTIMENTO COM INTERAÇÃO SOLIDÁRIA NORTE PARANAENSE - CRESOL NORTE PARANAENSE,19065.0
"COOPERATIVA DE CRÉDITO DOS SERVIDORES MILITARES, POLÍCIA CIVIL E DA SECRETARIA DE EDUCAÇÃO DO ESTADO DE MINAS GERAIS LTDA - SICOOB COOPEMG",18908.0
COOPERATIVA DE CRÉDITO E INVESTIMENTO COM INTERAÇÃO SOLIDÁRIA PROGRESSO - CRESOL PROGRESSO,18889.0
"AL5 S.A. CRÉDITO, FINANCIAMENTO E INVESTIMENTO",18826.0
COOPERATIVA DE ECONOMIA E CRÉDITO MÚTUO DOS TRABALHADORES DO GRUPO SÃO MARTINHO   USICRED,18804.0
COOPERATIVA DE CRÉDITO E INVESTIMENTO COM INTERAÇÃO SOLIDÁRIA VANGUARDA - CRESOL VANGUARDA,18566.0
COOPERATIVA DE CRÉDITO DA SERRA CATARINENSE - CREDICOMIN,18564.0
COOPERATIVA DE CRÉDITO SICOOB EXTREMO SUL LTDA.,18487.0
COOPERATIVA DE CREDITO COOPLIVRE,18383.0
COOPERATIVA DE CRÉDITO E INVESTIMENTO COM INTERAÇÃO SOLIDÁRIA GRANDES LAGOS PR/SP - CRESOL GRANDES LAGOS PR/SP,18308.0
COOPERATIVA DE CRÉDITO E INVESTIMENTO COM INTERAÇÃO SOLIDÁRIA DO RIO GRANDE DO SUL - CRESOL RIO GRANDE DO SUL,18089.0
COOPERATIVA DE CRÉDITO DE LIVRE ADMISSÃO DO PONTAL DO TRIANGULO LTDA - SICOOB CREDIPONTAL,17865.0
"GOLCRED S/A - CRÉDITO, FINANCIAMENTO E INVESTIMENTO",17776.0
COOPERATIVA DE CRÉDITO E INVESTIMENTO COM INTERAÇÃO SOLIDÁRIA COOPERAR - CRESOL COOPERAR,17591.0
COOPERATIVA DE CRÉDITO E INVESTIMENTO COM INTERAÇÃO SOLIDÁRIA ALTO VALE - CRESOL ALTO VALE,17571.0
COOPERATIVA DE CRÉDITO E INVESTIMENTO COM INTERAÇÃO SOLIDÁRIA DA AMAZÔNIA - CRESOL AMAZÔNIA,17510.0
DESENBAHIA - AGENCIA DE FOMENTO DO ESTADO DA BAHIA S.A.,17498.0
COOPERATIVA DE CRÉDITO E ECONOMIA COM INTERAÇÃO SOLIDÁRIA - CRESOL ALIANÇA,17469.0
COOPERATIVA DE CRÉDITO CREDIARA LTDA - SICOOB CREDIARA,17430.0
COOPERATIVA DE CRÉDITO DE LIVRE ADMISSÃO DE ITAÚNA E REGIÃO LTDA - SICOOB CENTRO-OESTE,17292.0
COOPERATIVA DE CREDITO DE LIVRE ADMISSAO DO VALE DO AÇO LTDA - SICOOB VALE DO AÇO,17255.0
COOPERATIVA DE CRÉDITO MÚTUO DOS EMPREGADOS DA MAXION - CREDMAXION,17242.0
COOPERATIVA DE ECONOMIA E CRÉDITO MÚTUO DOS FUNCIONÁRIOS DA CARGILL,17240.0
COOPERATIVA DE CREDITO NOSSO - SICOOB NOSSO,17063.0
COOPERATIVA DE ECONOMIA E CRÉDITO MÚTUO UNICRED PONTO CAPITAL - UNICRED PONTO CAPITAL.,16974.0
SOCIEDADE COOPERATIVA DE CRÉDITO COOPERE LTDA.  - SICOOB COOPERE,16718.0
BANCO DE DESENVOLVIMENTO DO ESPIRITO SANTO S.A.,16693.0
"COOPERATIVA DE CRÉDITO, POUPANÇA E INVESTIMENTO SICREDI SERIGY - SICREDI SERIGY",16686.0
COOPERATIVA DE ECONOMIA E CRÉDITO MÚTUO SICOOB METALCRED,16677.0
COOPERATIVA DE CRÉDITO MÚTUO DOS ADVOGADOS DE SANTA CATARINA,16674.0
COOPERATIVA DE CRÉDITO DE LIVRE ADMISSÃO DA ZONA DA MATA LTDA   SICOOB COOPEMATA,16590.0
COOPERATIVA DE CRÉDITO CREDSAOPAULO - SICOOB CREDSAOPAULO,16578.0
SOMAPAY SOCIEDADE DE CRÉDITO DIRETO S.A.,16272.0
COOPERATIVA DE CRÉDITO DE LIVRE ADMISSÃO DE SANTO ANTÔNIO DO MONTE LTDA.   SICOOB CREDIMONTE,16213.0
COOPERATIVA DE CRÉDITO SICOOB CONFIANÇA,16025.0
"COOPERATIVA DE CREDITO, POUPANCA E INVESTIMENTO DO RIO DE JANEIRO - SICREDI RIO RJ",16000.0
COOPERATIVA DE CREDITO DE LIVRE ADMISSAO DE PITANGUI E REGIAO LTDA. - SICOOB CREDPIT,15868.0
COOPERATIVA DE ECONOMIA E CRÉDITO MÚTUO DOS FUNCIONÁRIOS DA NESTLÉ - CREDI NESTLÉ,15850.0
COOPERATIVA DE CRÉDITO DO CENTRO SUL MINEIRO LTDA. - SICOOB CENTRO SUL MINEIRO,15777.0
COOPERATIVA DE CRÉDITO DA REGIÃO CENTRAL DE MINAS LTDA. - SICOOB UNIÃO CENTRAL,15728.0
BANCO RANDON S.A.,15668.0
COOPERATIVA DE CRÉDITO CREDIUNA LTDA - SICOOB CREDIUNA,15413.0
COOPERATIVA DE CRÉDITO E INVESTIMENTO COM INTERAÇÃO SOLIDÁRIA PLANALTO SUL - CRESOL PLANALTO SUL,15372.0
COOPERATIVA DE CRÉDITO DE LIVRE ADMISSÃO DO NOROESTE DE MINAS GERAIS LTDA.   SICOOB CREDIPINHO,15232.0
COOPERATIVA DE ECONOMIA E CRÉDITO MÚTUO UNICRED ELEVA LTDA.,15204.0
COOPERATIVA DE ECONOMIA E CRÉDITO MÚTUO DOS MÉDICOS DOS VALES DO TAQUARI E RIO PARDO E REGIÃO DA PRODUÇÃO LTDA. - UNICRED PREMIUM,15170.0
UNIPRIME PIONEIRA COOPERATIVA DE CRÉDITO,15166.0
COOPERATIVA DE CRÉDITO CREDIPEU LTDA.  - SICOOB CREDIPEU,15098.0
COOPERATIVA DE CRÉDITO SICOOB CREDSEGURO LTDA.,15046.0
COOPERATIVA DE CRÉDITO E INVESTIMENTO COM INTERAÇÃO SOLIDÁRIA TRIUNFO - CRESOL TRIUNFO,15042.0
COOPERATIVA DE CRÉDITO UNICRED VALE LTDA - UNICRED VALE,15003.0
COOPERATIVA DE CRÉDITO E ECONOMIA COM INTERAÇÃO SOLIDÁRIA - CRESOL MAIS,14971.0
COOPERATIVA DE CRÉDITO E INVESTIMENTO COM INTERAÇÃO SOLIDÁRIA TRANSFORMAÇÃO - CRESOL TRANSFORMAÇÃO,14943.0
COOPERATIVA DE CREDITO CREDIMOTA   SICOOB CREDIMOTA,14941.0
COOPERATIVA DE CRÉDITO DE LIVRE ADMISSÃO DA REGIÃO CENTRAL E OESTE MINEIRO LTDA. - SICOOB DIVICRED,14936.0
COOPERATIVA DE CRÉDITO E INVESTIMENTO COM INTERAÇÃO SOLIDÁRIA VALE DAS ÁGUAS PR/MG - CRESOL VALE DAS ÁGUAS PR/MG,14934.0
"PINTOS S.A. CREDITO, FINANCIAMENTO E INVESTIMENTO",14904.0
COOPERATIVA DE CRÉDITO SICOOB UNI SUDESTE,14855.0
COOPERATIVA DE CRÉDITO DE LIVRE ADMISSÃO SICOOB CREDMISSÃO LTDA. - SICOOB CREDMISSÃO,14765.0
COOPERATIVA DE CRÉDITO DOS EMPREGADOS DO GRUPO VALLOUREC NO BRASIL - COOVALL LTDA.,14681.0
COOPERATIVA DE CRÉDITO DE LIVRE ADMISSÃO DE ASSOCIADOS ITAPIRANGA - SICOOB CREDITAPIRANGA SC/RS,14563.0
COOPERATIVA DE CRÉDITO E INVESTIMENTO COM INTERAÇÃO SOLIDÁRIA ATIVA - CRESOL ATIVA,14508.0
COOPERATIVA DE CRÉDITO DE LIVRE ADMISSÃO DO ESTADO DO RIO DE JANEIRO - SICOOB FLUMINENSE,14506.0
COOPERATIVA DE ECONOMIA E CRÉDITO MÚTUO DOS EMPREGADOS DE FURNAS E DAS DEMAIS EMPRESAS DO SISTEMA ELETROBRÁS LTDA. - SICOOB CECREMEF,14395.0
COOPERATIVA DE CRÉDITO DE LIVRE ADMISSÃO DO VALE DO PARANAÍBA LTDA.,14367.0
COOPERATIVA DE CRÉDITO DE LIVRE ADMISSÃO DO VALE DO PARANAPANEMA,14332.0
"COOPERATIVA DE CRÉDITO, POUPANÇA E INVESTIMENTO SICREDI CENTRO PERNAMBUCANA",14304.0
COOPERATIVA DE CRÉDITO DE LIVRE ADMISSÃO DA REGIÃO METROPOLITANA DE GOIÂNIA LTDA.,14241.0
COOPERATIVA DE CRÉDITO CREDINACIONAL LTDA. - SICOOB CREDINACIONAL,14091.0
COOPERATIVA DE CRÉDITO E INVESTIMENTO COM INTERAÇÃO SOLIDÁRIA TRANSAMAZÔNICA - CRESOL TRANSAMAZÔNICA,13957.0
COOPERATIVA DE CRÉDITO DE LIVRE ADMISSÃO DE ASSOCIADOS URUBICI - SICOOB CREDIARAUCÁRIA/SC,13902.0
SICREDI CREDUNI - COOPERATIVA DE ECONOMIA E CRÉDITO MÚTUO DOS SERV DAS INST PÚBLICAS DE ENSINO SUPERIOR DO ESTADO DA PARAÍBA E DAS DEMAIS INSTITUIÇÕES E ÓRGÃOS PÚBLICOS NO ESTADO DA PARAÍBA,13831.0
COOPERATIVA DE ECONOMIA E CRÉDITO MÚTUO DOS PROFISSIONAIS DA SAÚDE DA REGIÃO DA ALTA MOGIANA - SICOOB CREDIMOGIANA,13742.0
COOPERATIVA DE CRÉDITO E INVESTIMENTO COM INTERAÇÃO SOLIDÁRIA ORIGENS - CRESOL ORIGENS,13636.0
COOPERATIVA DE CRÉDITO E INVESTIMENTO COM INTERAÇÃO SOLIDÁRIA CONEXÃO - CRESOL CONEXÃO,13621.0
COOPERATIVA DE CRÉDITO DE LIVRE ADMISSÃO DO ALTO SÃO FRANCISCO LTDA.,13585.0
COOPERATIVA DE CRÉDITO NOROESTE DE MINAS LTDA. - SICOOB NOROESTE DE MINAS,13547.0
COOPERATIVA DE CRÉDITO SICOOB NORTE SUL LTDA,13381.0
COOPERATIVA DE CRÉDITO GUARANICREDI LTDA. - SICOOB GUARANICREDI,13323.0
COOPERATIVA DE CRÉDITO CREDIVERDE LTDA. - SICOOB CREDIVERDE,13295.0
COOPERATIVA DE CRÉDITO E CAPTAÇÃO SICOOB UNICIDADES,13252.0
COOPERATIVA DE CRÉDITO E INVESTIMENTO COM INTERAÇÃO SOLIDÁRIA CONFIANÇA - CRESOL CONFIANÇA,13161.0
COOPERATIVA DE CRÉDITO DE LIVRE ADMISSÃO SICOOB UNIMAIS CENTRO LESTE PAULISTA - SICOOB UNIMAIS CENTRO LESTE PAULISTA,13156.0
COOPERATIVA DE CRÉDITO DE LIVRE ADMISSÃO DA REGIÃO CENTRAL DE RONDÔNIA   SICOOB OUROCREDI,12833.0
COOPERATIVA DE CRÉDITO ARACREDI LTDA. - SICOOB ARACREDI,12745.0
COOPERATIVA DE CRÉDITO DE LIVRE ADMISSÃO UNIÃO DO CENTRO OESTE DE MINAS LTDA - SICOOB CREDESP,12711.0
COOPERATIVA DE CRÉDITO UNIÃO DO CENTRO OESTE DE MINAS LTDA. - SICOOB CENTRO UNIÃO,12570.0
CREDISIS CREDIARI - COOPERATIVA DE CRÉDITO LTDA.,12503.0
COOPERATIVA DE CRÉDITO E ECONOMIA COM INTERAÇÃO SOLIDÁRIA DE JACUTINGA - CRESOL JACUTINGA,12468.0
COOPERATIVA DE CRÉDITO DE LIVRE ADMISSÃO DE ASSOCIADOS NOVOS CAMPOS - SICOOB NOVOS CAMPOS,12235.0
BULLLA INSTITUICAO DE PAGAMENTO S.A.,12207.0
COOPERATIVA DE CRÉDITO DE LIVRE ADMISSÃO DE PEDRO LEOPOLDO LTDA - SICOOB CREDIPEL,12181.0
GENIAL,12153.0
COOPERATIVA DE CRÉDITO CENTRO LESTE NORTE MARANHENSE - SICOOB CENTROLESTE,12070.0
COOPERATIVA DE CRÉDITO DO VALE DO SÃO FRANCISCO - SICREDI VALE DO SÃO FRANCISCO,12058.0
COOPERATIVA DE CRÉDITO CREDICAMPO LTDA.- SICOOB CREDICAMPO,11933.0
COOPERATIVA DE CRÉDITO DE LIVRE ADMISSÃO DA REGIÃO LESTE DA BACIA DO RIO DOCE LTDA   SICOOB CREDILESTE,11924.0
"PARATI - CREDITO, FINANCIAMENTO E INVESTIMENTO S.A.",11879.0
COOPERATIVA DE CRÉDITO DE LIVRE ADMISSÃO DE ASSOCIADOS VALE DO RIO DO PEIXE - SICOOB CREDIRIO SC,11867.0
COOPERATIVA DE CRÉDITO DE LIVRE ADMISSÃO BURITIS - SICOOB BURITIS,11786.0
COOPERATIVA DE CRÉDITO E INVESTIMENTO COM INTERAÇÃO SOLIDÁRIA MISSÕES FRONTEIRA RS - CRESOL MISSÕES FRONTEIRA RS,11770.0
COOPERATIVA DE CRÉDITO DE LIVRE ADMISSÃO LTDA. - SICOOB CREDIJUSTRA,11753.0
COOPERATIVA DE ECONOMIA E CRÉDITO MÚTUO DOS EMPREGADOS DO GRUPO COLORADO,11660.0
NEXOOS SOCIEDADE DE EMPRÉSTIMO ENTRE PESSOAS S.A.,11636.0
COOPERATIVA DE CRÉDITO SICOOB 3 COLINAS,11558.0
COOPERATIVA DE CRÉDITO DA GRANDE FLORIANÓPOLIS - ÚNILOS,11408.0
COOPERATIVA DE CREDITO DE LIVRE ADMISSAO DE RUBIATABA E REGIAO LTDA,11330.0
COOPERATIVA DE CRÉDITO SICOOB COSTA DO DESCOBRIMENTO LTDA.,11311.0
COOPERATIVA DE ECONOMIA E CRÉDITO DE LIVRE ADMISSÃO DOS EMPREGADOS DOS CORREIOS LTDA. - SICOOB COOPERCORREIOS,11252.0
COOPERATIVA DE ECONOMIA E CREDITO MUTUO DOS EMPREGADOS DAS EMPRESAS RANDON,11226.0
COOPERATIVA DE CRÉDITO CARLOS CHAGAS LTDA. - SICOOB CARLOS CHAGAS,11212.0
AGENCIA DE FOMENTO DE GOIAS S/A,11043.0
"COOPERATIVA DE CRÉDITO DE LIVRE ADMISSÃO DE PITANGUI, PAPAGAIOS, MARAVILHAS E REGIÃO LTDA. - SICOOB CREDICOOP",11023.0
COOPERATIVA DE CRÉDITO E INVESTIMENTO COM INTERAÇÃO SOLIDÁRIA ALTERNATIVA - CRESOL ALTERNATIVA,10880.0
COOPERATIVA DE CRÉDITO DE LIVRE ADMISSÃO DO VALE DO RIO GRANDE LTDA. - SICOOB UBERABA,10854.0
COOPERATIVA DE CRÉDITO E INVESTIMENTO COM INTERAÇÃO SOLIDÁRIA NASCENTE - CRESOL NASCENTE,10656.0
CONTA SIMPLES SOCIEDADE DE CRÉDITO DIRETO S.A.,10531.0
COOPERATIVA DE CRÉDITO DE LIVRE ADMISSÃO DO CENTRO-SUL GOIANO LTDA,10475.0
COOPERATIVA DE CRÉDITO HORIZONTE - SICOOB HORIZONTE,10407.0
SICOOB CREDINOVA - COOPERATIVA DE CRÉDITO DE LIVRE ADMISSÃO DE NOVA SERRANA E REGIÃO CENTRO-OESTE LTDA.,10242.0
COOPERATIVA DE CRÉDITO CREDICOCAPEC,10217.0
COOPERATIVA DE CRÉDITO UNIQUE BR,10197.0
COOPERATIVA DE ECONOMIA E CRÉDITO MÚTUO DOS EMPREGADOS DO GRUPO SBF LTDA. - COOPER ATIVA SBF,10167.0
COOPERATIVA DE CRÉDITO DE LIVRE ADMISSÃO DA PARAÍBA - SICOOB PARAÍBA,10101.0
BANCO CATERPILLAR S.A.,10097.0
COOPERATIVA DE CRÉDITO DOS SERVIDORES PÚBLICOS NO ESTADO DA BAHIA LTDA. - SICOOB CRED EXECUTIVO,9962.0
COOPERATIVA DE CRÉDITO DOS PROFISSIONAIS DA SAÚDE E LIVRE ADMISSÃO DO SUL DE MINAS LTDA,9958.0
COOPERATIVA DE CRÉDITO NOSSA SENHORA DO DESTERRO - SICOOB CREDISC,9955.0
COOPERATIVA DE CRÉDITO PRO,9935.0
SICREDI NORTE - COOPERATIVA DE CRÉDITO,9934.0
COOPERATIVA DE CRÉDITO CREDIBAM LTDA. - SICOOB CREDIBAM,9893.0
COOPERATIVA DE CRÉDITO DE LIVRE ADMISSÃO CENTRO OESTE LTDA.,9876.0
COOPERATIVA DE CRÉDITO E INVESTIMENTO COM INTERAÇÃO SOLIDÁRIA CENTRO SERRA - CRESOL CENTRO SERRA,9858.0
COOPERATIVA DE CRÉDITO CREDIRAMA LTDA - SICOOB CREDIRAMA,9736.0
COOPERATIVA DE CRÉDITO DE LIVRE ADMISSÃO DA GRANDE GOIÂNIA LTDA.,9718.0
AGÊNCIA DE FOMENTO DO ESTADO DE SANTA CATARINA S.A.-BADESC,9703.0
COOPERATIVA DE CREDITO DE LIVRE ADMISSAO DE PARA DE MINAS LTDA - SICOOB ASCICRED,9633.0
COOPERATIVA DE CRÉDITO UNICRED AMPLA LTDA - UNICRED AMPLA,9584.0
COOPERATIVA DE CRÉDITO E ECONOMIA COM INTERAÇÃO SOLIDÁRIA CRESOL EVOLUÇÃO,9422.0
COOPERATIVA DE CRÉDITO CREDIBELO LTDA. - SICOOB CREDIBELO,9390.0
COOPERATIVA DE CRÉDITO DE LIVRE ADMISSÃO DA REGIÃO DE SÃO SEBASTIÃO DO PARAÍSO LTDA. - SICOOB PARAÍSOCRED,9368.0
COOPERATIVA DE CREDITO DE LIVRE ADMISSÃO DO VALE DO GORUTUBA LTDA - SICOOB CREDIVAG,9260.0
COOPERATIVA DE CRÉDITO DE LIVRE ADMISSÃO DA REGIÃO DE  PARÁ DE MINAS LTDA - SICOOB CREDIRURAL,9252.0
COOPERATIVA DE CRÉDITO DE LIVRE ADMISSÃO DO BRASIL CENTRAL LTDA. - SICOOB EXECUTIVO,9235.0
COOPERATIVA DE CRÉDITO SICOOB CREDCOOP LTDA.,9193.0
COOPERATIVA DE CRÉDITO RURAL DE ABELARDO LUZ - SULCREDI/CREDILUZ,9041.0
"COOPERATIVA DE ECONOMIA E CRÉDITO MÚTUO DOS SERVIDORES DO PODER JUDICIÁRIO, DO TRIBUNAL DE CONTAS ESTADUAL E DEMAIS ÓRGÃOS PÚBLICOS MUNICIPAIS, ESTADUAIS E FEDERAIS NO ESTADO DO RIO DE JANEIRO LTDA.",9021.0
COOPERATIVA DE CRÉDITO DE LIVRE ADMISSÃO DO CENTRO SUL DE MATO GROSSO DO SUL - SICOOB CENTRO SUL MS,9020.0
COOPERATIVA DE CRÉDITO SACRAMENTO LTDA - SICOOB SACRAMENTO,8973.0
COOPERATIVA DE CRÉDITO MÚTUO DO ABC - COOPER 7,8971.0
COOPERATIVA DE CRÉDITO DO VALE DO ITAJAÍ E VALE DO ITAPOCÚ - SICOOB MULTICREDI,8935.0
COOPERATIVA DE CRÉDITO COPERSUL LTDA - SICOOB COPERSUL,8925.0
COOPERATIVA DE CREDITO DO PLANALTO SUL - SICOOB CREDISSERRANA,8904.0
COOPERATIVA DE CRÉDITO DE LIVRE ADMISSÃO DE ITAJUBÁ LTDA - SICOOB SUDESTE MAIS,8875.0
CLARA INSTITUICAO DE PAGAMENTO LTDA.,8862.0
COOPERATIVA DE ECONOMIA E CRÉDITO MÚTUO UNICRED PROSPERAR LTDA. - UNICRED PROSPERAR,8850.0
COOPERATIVA  DE CRÉDITO DE LIVRE ADMISSÃO DE ASSOCIADOS UNIRONDÔNIA LTDA,8801.0
COOPERATIVA  ECONOMIA CRÉDITO MÚTUO  SERVS E EMPREGADOS PÚBLICOS MUNIC DE BELO HORIZONTE BETIM BRUMADINHO CONTAGEM IBIRITÉ NOVA LIMA RIBEIRÃO DAS NEVES SABARÁ SANTA LUZIA E VESPASIANO SICOOB CREDISERV,8687.0
"COOPERATIVA DE CRÉDITO, POUPANÇA E INVESTIMENTO EMPREENDEDORES - SICREDI EMPREENDEDORES PR",8652.0
COOPERATIVA DE CRÉDITO E ECONOMIA COM INTERAÇÃO SOLIDÁRIA - CRESOL INOVAÇÃO,8623.0
"COOPERATIVA DE ECONOMIA E CRÉDITO MÚTUO DOS SERVIDORES DA FUNDAÇÃO HOSPITALAR E EMPREGADOS DOS ESTABELECIMENTOS HOSPITALARES DE BELO HORIZONTE, REGIÃO METROPOLITANA E ZONA DA MATA LTDA.- SICOOB CECREF",8611.0
"SOCIEDADE DE CRÉDITO, FINANCIAMENTO E INVESTIMENTO EFÍ S.A.",8599.0
AGÊNCIA DE FOMENTO E DESENVOLVIMENTO DO ESTADO DO PIAUÍ S.A.,8529.0
COOPERATIVA DE ECONOMIA E CRÉDITO MÚTUO - SICOOB COOPERAC,8513.0
COOPERATIVA DE CRÉDITO DO DISTRITO FEDERAL E ENTORNO LTDA,8496.0
COOPERATIVA DE CRÉDITO CREDICARPA LTDA. - SICOOB CREDICARPA,8475.0
COOPERATIVA DE CRÉDITO DE LIVRE ADMISSÃO DE SANTA CRUZ DAS PALMEIRAS E REGIÃO,8384.0
COOPERATIVA DE CRÉDITO DE LIVRE ADMISSÃO DE ASSOCIADOS LTDA. - SICOOB JUDICIÁRIO,8301.0
COOPERATIVA DE ECONOMIA E CRÉDITO MÚTUO DOS EMPREGADOS DA JOHNSON & JOHNSON,8263.0
COOPERATIVA DE CRÉDITO DE LIVRE ADMISSÃO DE ASSOCIADOS DO PLANALTO SERRANO - SICOOB CREDISERRA SC,8228.0
"COOPERATIVA DE ECONOMIA E CRÉDITO MÚTUO NOS ESTADOS DE ALAGOAS, SERGIPE E BAHIA - SICOOB LESTE",8213.0
COOPERATIVA DE CRÉDITO SICOOB ENGECRED LTDA.,8209.0
COOPERATIVA DE CRÉDITO COOPCRED,8203.0
COOPERATIVA DE ECONOMIA E CRÉDITO MÚTUO UNICRED COALIZÃO LTDA - UNICRED COALIZÃO,8202.0
COOPERATIVA DE CRÉDITO COOCRELIVRE,8175.0
COOPERATIVA DE CRÉDITO DO SUDOESTE BAIANO LTDA - SICOOB CREDICONQUISTA,8167.0
COOPERATIVA DE CRÉDITO CREDISG LTDA. - SICOOB CREDISG,8148.0
COOPERATIVA DE CRÉDITO CREDIVAZ LTDA. - SICOOB CREDIVAZ,8033.0
COOPERATIVA DE CRÉDITO DO VALE EUROPEU - SICOOB EURO VALE,8009.0
COOPERATIVA DE CRÉDITO DE PRODUTORES RURAIS E DE LIVRE ADMISSÃO DO TRIÂNGULO LTDA    SICOOB CREDITRIL,7996.0
COOPERATIVA DE CRÉDITO DE LIVRE ADMISSÃO CREDIEMBRAPA LTDA - SICOOB.,7947.0
COOPERATIVA DE CRÉDITO SICOOB CREDMETAL,7945.0
COOPERATIVA DE CRÉDITO DE LIVRE ADMISSÃO DO ESTADO DE GOIÁS,7945.0
J17 - SOCIEDADE DE CRÉDITO DIRETO S/A,7923.0
BADESUL DESENVOLVIMENTO S.A - AGÊNCIA DE FOMENTO/RS,7854.0
CREDISAN COOPERATIVA DE CRÉDITO,7836.0
CREDISIS PRIMACREDI COOPERATIVA DE CRÉDITO,7836.0
COOPERATIVA DE CRÉDITO CREDIESMERALDAS LTDA. - SICOOB CREDIESMERALDAS,7833.0
COOPERATIVA DE CRÉDITO VALE DO CANOAS - SICOOB/SC CREDICANOAS,7737.0
COOPERATIVA DE CRÉDITO DE LIVRE ADMISSÃO - SICOOB COPESITA,7693.0
COOPERATIVA DE CRÉDITO E ECONOMIA COM INTERAÇÃO SOLIDÁRIA CRESOL VALE,7688.0
COOPERATIVA DE CRÉDITO E INVESTIMENTO COM INTERAÇÃO SOLIDÁRIA NORDESTE - CRESOL NORDESTE,7676.0
COOPERATIVA DE CRÉDITO CREDIALP LTDA - SICOOB CREDIALP,7637.0
COOPERATIVA DE CRÉDITO E ECONOMIA COM INTERAÇÃO SOLIDÁRIA - CRESOL DESENVOLVIMENTO,7579.0
COOPERATIVA DE CRÉDITO E INVESTIMENTO COM INTERAÇÃO SOLIDÁRIA CENTRO NORTE - CRESOL CENTRO NORTE,7557.0
"SOCINAL S.A. - CRÉDITO, FINANCIAMENTO E INVESTIMENTO",7477.0
COOPERATIVA DE CRÉDITO E ECONOMIA COM INTERAÇÃO SOLIDÁRIA DE SÃO VALENTIM - CRESOL SÃO VALENTIM,7465.0
COOPERATIVA DE CRÉDITO E ECONOMIA COM INTERAÇÃO SOLIDÁRIA - CRESOL INTERAÇÃO,7454.0
COOPERATIVA DE CRÉDITO MONTECREDI LTDA. - SICOOB MONTECREDI,7447.0
"COOPERATIVA DE CRÉDITO, POUPANÇA E INVESTIMENTO BANDEIRANTES - SICREDI BANDEIRANTES SP",7379.0
COOPERATIVA DE CRÉDITO DE LIVRE ADMISSÃO DE ANÁPOLIS E REGIÃO LTDA,7365.0
COOPERATIVA DE CRÉDITO DE LIVRE ADMISSÃO DO VALE DO ARAGUAIA LTDA.,7305.0
"COOPERATIVA DE CRÉDITO, POUPANÇA E INVESTIMENTO DOS MILITARES ESTADUAIS E SERVIDORES DA SEGURANÇA DO ESTADO DO RIO GRANDE DO SUL - SICREDI TRADIÇÃO RS",7300.0
COOPERATIVA DE CRÉDITO CREDINORTE LTDA. - SICOOB CREDINORTE,7253.0
COOPERATIVA DE ECONOMIA E CREDITO MUTUO DOS SERVIDORES DA COMLURB LTDA,7238.0
COOPERATIVA DE ECONOMIA E CRÉDITO MÚTUO - COOPERSERV,7096.0
COOPERATIVA DE CRÉDITO E ECONOMIA COM INTERAÇÃO SOLIDÁRIA DE ARATIBA - CRESOL ARATIBA,7094.0
BMS SOCIEDADE DE CRÉDITO DIRETO S.A.,7063.0
COOPERATIVA DE CREDITO E ECONOMIA COM INTERAÇÃO SOLIDARIA - CRESOL LITORAL,7060.0
COOPERATIVA DE CRÉDITO CLÁSSICA DOS EMPREGADOS DA VALE S/A E ENTIDADES VINCULADAS LTDA. - SICOOB COOPVALE,7044.0
COOPERATIVA DE CRÉDITO DE LIVRE ADMISSÃO E DOS ADVOGADOS LTDA. - SICOOB CREDIJUR,7043.0
COOPERATIVA DE CREDITO CREDIAGRO LTDA. - SICOOB CREDIAGRO,6982.0
COOPERATIVA DE CRÉDITO DOS PROFISSIONAIS DE SAÚDE E DE LIVRE ADMISSÃO DO TRIÂNGULO MINEIRO E SUL DE MINAS LTDA. - UNICRED PROGRESSO,6969.0
COOPERATIVA DE CRÉDITO DO VALE DOS PINHAIS - SICOOB VALE DOS PINHAIS,6964.0
COOPERATIVA DE CRÉDITO RURAL COOPAVEL,6952.0
"COOPERATIVA DE CRÉDITO, POUPANÇA E INVESTIMENTO DOS PROFESSORES, FUNCIONÁRIOS E ALUNOS DA UNIVERSIDADE DE CAXIAS DO SUL - SICREDI EDUCAÇÃO RS",6803.0
COOPERATIVA DE CRÉDITO DOS INTEGRANTES DO PODER JUDICIÁRIO E DO MINISTÉRIO PÚBLICO DO ESTADO DE MINAS GERAIS LTDA. - SICOOB JUS-MP,6734.0
COOPERATIVA DE CRÉDITO MÚTUO DOS SERVIDORES PÚBLICOS - CREDI-SP,6712.0
ACG INSTITUIÇÃO DE PAGAMENTO S.A.,6709.0
COOPERATIVA DE ECONOMIA E CRÉDITO MÚTUO DOS EMPREGADOS DA MONDELEZ BRASIL E PHILIP MORRIS BRASIL - SICOOB COOPMOND,6694.0
COOPERATIVA DE CRÉDITO CREDICAPI LTDA - SICOOB CREDICAPI,6632.0
COOPERATIVA DE CRÉDITO DE LIVRE ADMISSÃO CREDFAZ LTDA. - SICOOB CREDFAZ,6618.0
COOPERATIVA DE CRÉDITO DE LIVRE ADMISSÃO DA REGIÃO DE GUAXUPÉ LTDA. - SICOOB ACICREDI,6596.0
COOPERATIVA DE CRÉDITO SICOOB COOPEMAR LTDA,6574.0
COOPERATIVA DE CRÉDITO E INVESTIMENTO COM INTERAÇÃO SOLIDÁRIA DE GOIÁS - CRESOL GOIÁS,6524.0
COOPERATIVA DE CREDITO POTIGUAR - SICOOB POTIGUAR,6506.0
AGÊNCIA DE FOMENTO DO ESTADO DE MATO GROSSO S/A - DESENVOLVE MT,6405.0
COOPERATIVA DE CREDITO E ECONOMIA COM INTERAÇÃO SOLIDÁRIA - CRESOL SERRA MAR,6394.0
COOPERATIVA DE ECONOMIA E CRÉDITO MÚTUO DE LIVRE ADMISSÃO DE ARARAQUARA E REGIÃO - SICOOB,6310.0
"COOPERATIVA DE ECONOMIA E CRÉDITO MÚTUO DOS EMPREGADOS DA UNIÃO MARISTA DO BRASIL E SUAS ASSOCIADAS, PROVÍNCIA MARISTA BRASIL CENTRO-NORTE E UNIÃO BRASILEIRA DE EDUCAÇÃO CATÓLICA.",6256.0
COOPERATIVA DE CREDITO RURAL SEARA - CREDISEARA,6255.0
SICOOB CRED COPERCANA COOPERATIVA DE CRÉDITO,6250.0
"CARUANA S.A. - SOCIEDADE DE CRÉDITO, FINANCIAMENTO E INVESTIMENTO",6125.0
COOPERATIVA DE ECONOMIA E CRÉDITO MÚTUO DOS COLABORADORES DO GRUPO EMPRESARIAL A COSTA LTDA.,6101.0
COOPERATIVA DE CRÉDITO UNICRED COOMARCA LTDA. - COOMARCA,6071.0
COOPERATIVA DE CRÉDITO DE LIVRE ADMISSÃO DA MARGEM ESQUERDA DO URUCUIA E SÃO FRANCISCO LTDA - SICOOB CREDICHAPADA,5992.0
COOPERATIVA DE CRÉDITO DE LIVRE ADMISSÃO DE ASSOCIADOS DE JARAGUÁ DO SUL E REGIÃO - SICOOB CEJASCRED,5974.0
COOPERATIVA DE CRÉDITO RURAL E ECONOMIA COM INTERAÇÃO SOLIDÁRIA DE GETÚLIO VARGAS - CRESOL GETÚLIO VARGAS,5830.0
COOPERATIVA DE CRÉDITO DE LIVRE ADMISSÃO DE ASSOCIADOS DO MEIO OESTE CATARINENSE - SICOOB CREDIMOC SC,5816.0
RENDIMENTO,5807.0
COOPERATIVA DE CRÉDITO DE LIVRE ADMISSÃO SICOOB CREDIACIL,5779.0
COOPERATIVA DE ECONOMIA E CRÉDITO MÚTUO DOS MILITARES ESTADUAIS DE SANTA CATARINA - CREDPOM,5775.0
COOPERATIVA DE CRÉDITO DE LIVRE ADMISSÃO SICOOB COOPJUS LTDA.,5749.0
"COOPERATIVA DE CRÉDITO, POUPANÇA E INVESTIMENTO SICREDI INTEGRAÇÃO BAHIA - SICREDI INTEGRAÇÃO BAHIA",5718.0
COOPERATIVA DE CRÉDITO CREDICAMPINA LTDA. - SICOOB CREDICAMPINA,5716.0
COOPERATIVA DE CRÉDITO DE RIO RUFINO - SICOOB CREDIUNIÃO,5701.0
ZM SOCIEDADE DE CRÉDITO DIRETO S.A.,5695.0
COOPERATIVA DE ECONOMIA E CRÉDITO MÚTUO DOS EMPREGADOS DA COMPANHIA BRASILEIRA DE ALUMÍNIO,5676.0
COOPERATIVA DE ECONOMIA E CRÉDITO MÚTUO DOS SERVIDORES DA UNIVERSIDADE ESTADUAL DE CAMPINAS - COOPERUNICAMP,5641.0
COOPERATIVA DE CRÉDITO DE LIVRE ADMISSÃO DE CAMPOS GERAIS E CAMPO DO MEIO LTDA - SICOOB CREDCAM,5640.0
COOPERATIVA DE CRÉDITO DE LIVRE ADMISSÃO DE ASSOCIADOS - SICOOB CRUZ ALTA,5634.0
BANCO PACCAR S.A.,5608.0
COOPERATIVA DE CRÉDITO E ECONOMIA COM INTERAÇÃO SOLIDÁRIA - CRESOL XANXERÊ,5585.0
COOPERATIVA DE CRÉDITO DE LIVRE ADMISSÃO DO ESTADO DO ACRE LTDA.,5577.0
COOPERATIVA DE ECONOMIA E CRÉDITO MÚTUO DOS FUNCIONÁRIOS DA SECRETARIA DE ESTADO DA FAZENDA  DO ESTADO DE MINAS GERAIS E DE LIVRE ADMISSÃO LTDA - SICOOB COOPSEF,5530.0
COOPERATIVA DE ECONOMIA E CRÉDITO MÚTUO DOS SERVIDORES PÚBLICOS NO ESTADO DO ESPÍRITO SANTO,5520.0
COOPERATIVA DE CRÉDITO SICREDI ALTO SERTÃO PARAIBANO - SICREDI ALTO SERTÃO PARAIBANO,5431.0
SUDACRED SOCIEDADE DE CRÉDITO DIRETO S.A.,5415.0
COOPERATIVA DE CREDITO SULCREDI AMPLEA,5408.0
MULTICRED SOCIEDADE DE CRÉDITO DIRETO S.A.,5400.0
BRCARD SOCIEDADE DE CRÉDITO DIRETO S/A,5363.0
COOPERATIVA DE CRÉDITO CREDIMAC LTDA - SICOOB CREDIMAC,5352.0
COOPERATIVA DE CRÉDITO DE LIVRE ADMISSÃO E DOS TRANSPORTADORES RODOVIÁRIOS DE VEÍCULOS - SICOOB CREDCEG,5335.0
COOPERATIVA DE CRÉDITO DE LIVRE ADMISSÃO DE RIO VERDE E REGIÃO LTDA.,5300.0
COOPERATIVA DE ECONOMIA E CRÉDITO DE LIVRE ADMISSÃO LTDA. - SICOOB EMPRESARIAL,5192.0
COOPERATIVA DE ECONOMIA E CRÉDITO MÚTUO UNICRED HORIZONTES LTDA - UNICRED HORIZONTES,5155.0
COOPERATIVA DE ECONOMIA E CRÉDITO MÚTUO DOS FUNCIONÁRIOS DO GRUPO JAL LTDA.,5111.0
FINLEV SOCIEDADE DE CRÉDITO DIRETO S.A.,5098.0
COOPERATIVA DE CRÉDITO SICOOB UNI SUL MS,5082.0
ASPECIR - SOCIEDADE DE CRÉDITO AO MICROEMPREENDEDOR E À EMPRESA DE PEQUENO PORTE LTDA.,5079.0
COOPERATIVA DE ECONOMIA E CRÉDITO MÚTUO DOS EMPREGADOS DA CBMM LTDA.,5061.0
COOPERATIVA DE CRÉDITO SICOOB IPÊ - SICOOB IPÊ,5047.0
COOPERATIVA DE CRÉDITO DE LIVRE ADMISSÃO DE CARMO DO RIO CLARO LTDA - SICOOB CREDICARMO,5038.0
SERVICOOP - COOPERATIVA DE CRÉDITO DOS SERVIDORES PÚBLICOS ESTADUAIS E MUNICIPAIS DO RIO GRANDE DO SUL,5037.0
COOPERATIVA DE CREDITO DE LIVRE ADMISSÃO DO VALE DO SÃO PATRICIO LTDA.,4981.0
COOPERATIVA DE CRÉDITO DE LIVRE ADMISSÃO DE ARCOS LTDA. - SICOOB ARCOMCREDI,4976.0
COOPERATIVA DE CRÉDITO DE LIVRE ADMISSÃO DE ASSOCIADOS DE DORES DO INDAIÁ LTDA - COOPCREDI,4960.0
FLASH TECNOLOGIA E  INSTITUICAO DE PAGAMENTO LTDA,4936.0
EDENRED SOLUCOES E INSTITUICAO DE PAGAMENTO AHA S.A.,4930.0
COOPERATIVA DE ECONOMIA E CRÉDITO MÚTUO DE LIVRE ADMISSÃO DOS SERVIDORES DA UNIVERSIDADE FEDERAL DE VIÇOSA LTDA. - SICOOB UFVCREDI,4926.0
COOPERATIVA DE ECONOMIA E CRÉDITO MÚTUO DOS PROFISSIONAIS DA ÁREA NOTARIAL E REGISTRAL - COOPNORE,4916.0
CREDISIS SUDOESTE/RO - COOPERATIVA DE CRÉDITO E INVESTIMENTO DO SUDOESTE DE RONDÔNIA,4765.0
COOPERATIVA DE CRÉDITO DE LIVRE ADMISSÃO DE BOA ESPERANÇA LTDA. - SICOOB BELCREDI,4753.0
AGENCIA DE FOMENTO DO ESTADO DE RORAIMA S/A,4730.0
COOPERATIVA DE ECONOMIA E CRÉDITO MÚTUO DOS FUNCIONÁRIOS DA TICKET SERVIÇOS COMÉRCIO E ADMINISTRAÇÃO,4694.0
"COOPERATIVA DE CRÉDITO DOS MAGISTRADOS, SERVIDORES DA JUSTIÇA DO ESTADO DE GOIÁS E EMPREGADOS DA CELG LTDA.",4683.0
COOPERATIVA DE ECONOMIA E CREDITO MUTUO DOS FUNCIONARIOS DA COMIGO,4673.0
COOPERATIVA DE CRÉDITO SICOOB ITAPAGIPE LTDA - SICOOB ITAPAGIPE,4668.0
COOPERATIVA DE CRÉDITO MÚTUO DE LIVRE ADMISSÃO DA REGIÃO ADMINISTRATIVA DE SOROCABA - SICOOB COOPERASO,4619.0
COOPERATIVA DE ECONOMIA E CRÉDITO MÚTUO DOS INTEGRANTES DO MINISTÉRIO PÚBLICO E DA DEFENSORIA PÚBLICA NO ESTADO DO RIO DE JANEIRO LIMITADA. - SICOOB COMPERJ,4616.0
COOPERATIVA DE CRÉDITO DE LIVRE ADMISSÃO DE JATAÍ E REGIÃO LTDA.,4598.0
COOPERATIVA DE CRÉDITO DE LIVRE ADMISSÃO DO OESTE MARANHENSE - SICOOB OESTE MARANHENSE,4547.0
SCB CRÉDITO SOCIEDADE DE CRÉDITO AO MICROEMPREENDEDOR E À EMPRESA DE PEQUENO PORTE LTDA.,4536.0
COOPERATIVA DE CRÉDITO UNICRED REGIÃO DOS VALES LTDA. - UNICRED REGIÃO DOS VALES,4513.0
SICOOB CREDIMED - COOPERATIVA DE CRÉDITO DE LIVRE ADMISSÃO DA CIDADE DE UBERABA LTDA.,4473.0
BANCO RABOBANK INTERNATIONAL BRASIL S.A.,4430.0
COOPERATIVA DE CREDITO E ECONOMIA COM INTERAÇÃO SOLIDÁRIA - CRESOL JACINTO MACHADO,4410.0
COOPERATIVA DE ECONOMIA E CRÉDITO MÚTUO DOS SERVIDORES MUNICIPAIS DE POÇOS DE CALDAS LTDA. - COOPOÇOS,4335.0
COOPERATIVA DE CAPITAL E EMPRÉSTIMO COOPERMULTICRED - COOPERMC,4330.0
LAR COOPERATIVA DE CRÉDITO - LAR CREDI,4278.0
COOPERATIVA DE CREDITO E ECONOMIA COM INTERAÇÃO SOLIDÁRIA - CRESOL TREZE DE MAIO,4236.0
COOPERATIVA DE CRÉDITO DE LIVRE ADMISSÃO DO CIRCUITO DAS ÁGUAS - SICOOB CIRCUITO DAS ÁGUAS,4234.0
COOPERATIVA DE ECONOMIA E CRÉDITO MÚTUO DOS COLABORADORES DA VALE S.A LTDA. - SICOOB CREDIVALE,4223.0
COOPERATIVA DE CRÉDITO DOS SERVIDORES DOS PODERES LEGISLATIVOS DO ESTADO DE MINAS GERAIS E DO SEU ÓRGÃO AUXILIAR E DE LIVRE ADMISSÃO LTDA. - SICOOB COFAL,4189.0
"UNIPRIME DO IGUAÇU - COOPERATIVA DE CRÉDITO, POUPANÇA E INVESTIMENTO",4188.0
COOPERATIVA DE CRÉDITO E INVESTIMENTOS DE RONDÔNIA - SICOOB CREDJURD,4165.0
COOPERATIVA DE ECONOMIA E CRÉDITO MÚTUO DOS SERVIDORES PÚBLICOS - SICOOB COOPERPLAN CREDSEF,4074.0
EDENRED SOLUCOES DE MOBILIDADE E INSTITUICAO DE PAGAMENTO HU S.A.,4057.0
COOPERATIVA DE CRÉDITO NO PIAUÍ - SICOOB PIAUÍ,4051.0
COOPERATIVA DE ECONOMIA E CRÉDITO MÚTUO DOS EMPREGADOS DA CENTRAIS ELÉTRICAS DE SANTA CATARINA - CREDELESC,4023.0
COOPERATIVA DE CRÉDITO DE TIROS E MATUTINA LTDA.- SICOOB CREDITIROS,4008.0
COOPERATIVA DE CRÉDITO E ECONOMIA COM INTERAÇÃO SOLIDÁRIA - CRESOL COOPERACRED,3999.0
"COOPERATIVA DE CRÉDITO, POUPANÇA E INVESTIMENTO DA ADVOCACIA E SERVENTUÁRIOS DO PODER JUDICIÁRIO NO ESTADO DO RIO GRANDE DO SUL - SICREDI COOABCRED RS",3974.0
COOPERATIVA DE ECONOMIA E CRÉDITO MÚTUO DOS EMPREGADOS DO BANRISUL,3950.0
COOPERATIVA DE ECONOMIA E CRÉDITO MÚTUO DOS EMPREGADOS DAS EMPRESAS METALÚRGICAS DE MATÃO - METALCOOPERCRED,3933.0
AGENCIA DE FOMENTO DO ESTADO DO RIO DE JANEIRO S.A.,3931.0
AGÊNCIA DE FOMENTO DO ESTADO DE PERNAMBUCO S.A.,3896.0
COOPERATIVA DE CREDITO DE LIVRE ADMISSÃO DA REGIÃO SUDESTE DE MINAS GERAIS LTDA. - SICOOB CREDISUCESSO,3896.0
UY3 SOCIEDADE DE CRÉDITO DIRETO S/A,3865.0
COOPERATIVA DE CRÉDITO DE LIVRE ADMISSÃO DO ESTADO DO PARÁ - SICOOB COOESA,3803.0
G5 SOCIEDADE DE CRÉDITO DIRETO S.A.,3799.0
BANCO RIBEIRAO PRETO S.A.,3785.0
COOPERATIVA DE CREDITO CREDLIDER - SICOOB CREDLIDER,3779.0
COOPERATIVA DE CREDITO SICOOB COOPEC LTDA.,3767.0
CREDITAS SOCIEDADE DE CRÉDITO DIRETO S.A.,3735.0
"COOPERATIVA DE CRÉDITO, POUPANÇA E INVESTIMENTO DOS ESCRIVÃES, NOTÁRIOS E REGISTRADORES NO ESTADO DO PARANÁ - SICREDI CREDENOREG PR",3726.0
COOPERATIVA DE ECONOMIA E CRÉDITO MÚTUO DOS MÉDICOS E CATEGORIAS AFINS - UNICRED MÚLTIPLO VALOR LTDA.,3722.0
COOPERATIVA DE ECONOMIA E CREDITO MUTUO DOS EMPREGADOS DE ELEVADORES ATLAS SCHINDLER LTDA.,3712.0
COOPERATIVA DE ECONOMIA E CRÉDITO MÚTUO DOS EMPREGADOS DO GRUPO TELEFÔNICA,3709.0
BANCO RNX S.A.,3687.0
COOPERATIVA DE CRÉDITO DE LIVRE ADMISSÃO DE PIRACANJUBA LTDA. - SICOOB CERRADO,3661.0
COOPERATIVA DE ECONOMIA E CRÉDITO MÚTUO DOS EMPREGADOS DAS EMPRESAS CONTROLADAS E COLIGADAS DA USINA SANTA ADELIA - USAGRO,3626.0
COOPERATIVA DE CRÉDITO DOS SERVIDORES PÚBLICOS MUNICIPAIS DA GRANDE VITÓRIA/ES,3616.0
CDC SOCIEDADE DE CRÉDITO DIRETO S.A.,3612.0
COOPERATIVA DE ECONOMIA E CRÉDITO MÚTUO DOS FUNCIONÁRIOS DA BOMBRIL,3605.0
COOPERATIVA DE ECONOMIA E CREDITO MUTUO DOS EMPREGADOS DAS EMPRESAS DE TRANSPORTES COLETIVOS RODOVIÁRIOS DE PASSAGEIROS DO GRANDE RIO LTDA,3589.0
COOPERATIVA DE ECONOMIA E CRÉDITO MÚTUO DOS SERVIDORES PÚBLICOS MUNICIPAIS EM JOÃO MONLEVADE LTDA. - COPREMON,3567.0
COOPERATIVA DE ECONOMIA E CRÉDITO MÚTUO SICOOB CRED-ACILPA,3543.0
COPERCRED - COOPERATIVA DE ECONOMIA E CRÉDITO MÚTUO DOS EMPREGADOS DAS EMPRESAS ZILLO LORENZETTI,3509.0
COOPERATIVA DE ECONOMIA E CRÉDITO MÚTUO DOS MÉDICOS E DEMAIS PROFISSIONAIS DE NÍVEL SUPERIOR DA ÁREA DE SAÚDE DE OURINHOS - SICOOB OURICRED,3502.0
AGÊNCIA DE FOMENTO DO ESTADO DO TOCANTINS S.A.,3499.0
BANCO NACIONAL DE DESENVOLVIMENTO ECONOMICO E SOCIAL,3491.0
BANCO MONEO S.A.,3469.0
COOPERATIVA DE CREDITO CECRES - SICOOB CECRES,3462.0
CREDPAR - SOCIEDADE DE CRÉDITO DIRETO S/A,3450.0
COOPERATIVA DE ECONOMIA E CRÉDITO MÚTUO DOS FUNCIONÁRIOS DO FLEURY,3384.0
COOPERATIVA DE CRÉDITO DE LIVRE ADMISSÃO DE PALMEIRAS E REGIÃO LTDA.,3367.0
DAUX SOCIEDADE DE CRÉDITO DIRETO S.A.,3346.0
COOPERATIVA DE ECONOMIA E CRÉDITO MÚTUO DOS  EMPREGADOS DA TUPY MINAS GERAIS LTDA. E NEMAK ALUMÍNIO DO BRASIL LTDA.,3336.0
COOPERATIVA DE CRÉDITO RURAL E ECONOMIA COM INTERAÇÃO SOLIDÁRIA DE ÁUREA - CRESOL ÁUREA,3308.0
CREDISIS CREDIBRÁS COOPERATIVA DE CRÉDITO E INVESTIMENTO DE LIVRE ADMISSÃO DO OESTE DE RONDÔNIA,3290.0
COOPERATIVA DE CRÉDITO MÚTUO DOS SERVIDORES MUNICIPAIS DE SÃO JOÃO DA BOA VISTA - CREDIVISTA,3278.0
COOPERATIVA DE CRÉDITO CREDINOSSO LTDA - SICOOB CREDINOSSO,3232.0
BANCO KOMATSU DO BRASIL S.A.,3223.0
MICROCASH SOCIEDADE DE CRÉDITO AO MICROEMPREENDEDOR E À EMPRESA DE PEQUENO PORTE LTDA.,3209.0
COOPERATIVA DE ECONOMIA E CRÉDITO MÚTUO DO GRUPO BASF,3184.0
"COOPERATIVA DE ECONOMIA E CRÉDITO MÚTUO DOS EMPRESÁRIOS DE AMERICANA, LIMEIRA E REGIÃO - SICOOB ACICRED",3173.0
BANCO BS2 S.A.,3166.0
COOPERATIVA DE ECONOMIA E CRÉDITO MÚTUO DOS EMPREGADOS DO GRUPO SCHAEFFLER,3120.0
"COOPERATIVA DE CRÉDITO, POUPANÇA E INVESTIMENTO DOS POLICIAIS FEDERAIS DO RIO GRANDE DO SUL E SANTA CATARINA - SICREDI POL RS/SC",3102.0
COOPERATIVA DE CRÉDITO - SICREDI COOMAMP,3082.0
COOPERATIVA DE ECONOMIA E CRÉDITO MÚTUO DOS FUNCIONÁRIOS DO GRUPO COMOLATTI - SÃO PAULO,3080.0
RENDIMENTOPAY INSTITUIÇÃO DE PAGAMENTO S.A.,3078.0
COOPERATIVA DE ECONOMIA E CRÉDITO MÚTUO DOS FUNCIONÁRIOS DA FUNDAÇÃO ZERBINI E DA FUNDAÇÃO FACULDADE DE MEDICINA (FFM) - COOPINCOR,3065.0
BANCO LUSO BRASILEIRO S.A.,3051.0
COOPERATIVA DE CRÉDITO DOS EMPREGADOS DE ELEVADORES ATLAS,3047.0
COOPERATIVA DE CRÉDITO DA REGIÃO DO VALE DO RIO GRANDE LTDA. - SICOOB CREDILEITE,3044.0
COOPERATIVA DE ECONOMIA E CRÉDITO MÚTUO DOS SERVIDORES MUNICIPAIS DE ITABIRA LTDA. - SICOOB COSEMI,3030.0
COOPERATIVA DE CRÉDITO CREDIFIEMG LTDA. - SICOOB CREDIFIEMG,3025.0
COOPERATIVA DE CRÉDITO DE LIVRE ADMISSÃO DFMIL LTDA. - SICOOB DFMIL,2953.0
COOPERATIVA DE CRÉDITO DOS EMPREGADOS DA COMPANHIA INDUSTRIAL CATAGUASES E DA BAUMINAS LTDA. - COOPECIC,2940.0
COOPERATIVA    DE    ECONOMIA    E    CRÉDITO   MÚTUO  MINUANO,2935.0
PEAK SOCIEDADE DE EMPRÉSTIMO ENTRE PESSOAS S.A.,2897.0
COOPERATIVA DE ECONOMIA E CRÉDITO MÚTUO DOS SERVIDORES PÚBLICOS DO ESTADO DE SÃO PAULO - CREDIPAULISTA,2892.0
COOPERATIVA DE ECONOMIA E CRÉDITO MÚTUO DOS FUNCIONÁRIOS PÚBLICOS MUNICIPAIS DE ITAPIRA - CREDITA,2850.0
UNICRED COSTA DO SOL RJ - COOPERATIVA DE ECONOMIA E CRÉDITO MÚTUO LTDA.,2826.0
"COOPERATIVA DE CRÉDITO, POUPANÇA E INVESTIMENTO DOS PROFISSIONAIS MÉDICOS E DA SAÚDE DE CURITIBA E REGIÃO METROPOLITANA - SICREDI MEDICRED PR",2822.0
COOPERATIVA DE ECONOMIA E CRÉDITO MÚTUO DOS SERVIDORES DA JUSTIÇA DO ESTADO DE MINAS GERAIS LTDA. - SICOOB CREDJUS,2789.0
CRETOVALE - COOPERATIVA DE ECONOMIA E CRÉDITO MÚTUO DOS TRABALHADORES DA VALE,2770.0
COOPERATIVA DE ECONOMIA E CRÉDITO MÚTUO DOS EMPREGADOS DO SISTEMA FIERGS - CRESUL,2753.0
COOPERATIVA DE ECONOMIA E CRÉDITO MÚTUO ALIANÇA - COOPERNITRO,2752.0
COOPERATIVA DE CRÉDITO UNIPRIME SUL,2744.0
COOPERATIVA DE ECONOMIA E CRÉDITO MÚTUO DOS FUNCIONÁRIOS DA ELGIN,2742.0
"COOPERATIVA DE ECONOMIA E CRÉDITO MÚTUO DOS APOSENTADOS, PENSIONISTAS E IDOSOS - SICOOB COOPERNAPI",2734.0
STARA FINANCEIRA S.A. - CRÉDITO FINANCIAMENTO E INVESTIMENTO,2723.0
CREBEL - COOPERATIVA DE ECONOMIA E CRÉDITO MÚTUO DOS COLABORADORES DAS EMPRESAS BELGO BEKAERT - CREBEL LTDA.,2716.0
STONE SOCIEDADE DE CRÉDITO DIRETO S.A.,2713.0
COOPERATIVA DE CRÉDITO DE LIVRE ADMISSÃO DE VITÓRIA DA CONQUISTA,2709.0
COOPERATIVA DE CRÉDITO MÚTUO - SICOOB CREDIACISC,2708.0
CITIBANK,2698.0
COOPERATIVA DE ECONOMIA E CRÉDITO MÚTUO DOS EMPREGADOS DA NOVELIS,2692.0
"COOPERATIVA DE CRÉDITO, POUPANÇA E INVESTIMENTO DOS INTEGRANTES DA MAGISTRATURA E DO MINISTÉRIO PÚBLICO NO ESTADO DO PARANÁ - SICREDI CREDJURIS",2669.0
COOPERATIVA DE ECONOMIA E CRÉDITO MÚTUO DOS EMPREGADOS DA EMPRESA SUPERMERCADOS JAU SERVE - COOPERJS,2665.0
COOPERATIVA DE CRÉDITO DE LIVRE ADMISSÃO CENTRO NORDESTE - SICOOB CENTRO NORDESTE,2664.0
HP FINANCIAL SERVICES ARRENDAMENTO MERCANTIL S.A.,2661.0
COOPERATIVA DE ECONOMIA E CRÉDITO MÚTUO DOS FUNCIONÁRIOS DAS EMPRESAS DE CERÂMICA - COOPASPACER,2648.0
COOPERATIVA DE CRÉDITO DE SÃO FRANCISCO DE SALES LTDA. - SICOOB CREDISALES,2606.0
COOPERATIVA DE CRÉDITO DOS EMPREGADOS DA MINERAÇÃO RIO DO NORTE,2593.0
COOPERATIVA DE ECONOMIA E CRÉDITO MÚTUO DOS EMPREGADOS DA AÇO MINAS GERAIS S.A. - AÇOMINAS E EMPRESAS SUBSIDIÁRIAS EM OURO BRANCO LTDA. - COOPAÇO,2575.0
TAMBASA SOCIEDADE DE CRÉDITO DIRETO S.A.,2568.0
COOPERATIVA DE CRÉDITO DOS INTEGRANTES DO MINISTÉRIO PÚBLICO E DO PODER JUDICIÁRIO NOS ESTADOS DO AMAPÁ E CEARÁ E LIVRE ADMISSÃO NO ESTADO DO PARÁ - SICOOB COIMPPA,2535.0
COOPERATIVA DE CRÉDITO MÚTUO DO CEARÁ - SICOOB CEARÁ,2510.0
COOPERATIVA DE ECONOMIA E CRÉDITO MÚTUO DOS EMPREGADOS DAS EMPRESAS DO GRUPO ECONÔMICO RHODIA - CREDIRHODIA,2506.0
COOPERATIVA DE ECONOMIA E CRÉDITO MÚTUO DOS EMPREGADOS DA CEMIG E DAS INDÚSTRIAS METALÚRGICAS E DE MATERIAL ELÉTRICO E DOS SERVIDORES PÚBLICOS MUNICIPAIS DE JUIZ DE FORA LTDA. - SICOOB CECREMEC,2477.0
COOPERATIVA DE ECONOMIA E CRÉDITO MÚTUO DOS FUNCIONÁRIOS DO GRUPO OWENS-ILLINOIS DO BRASIL,2441.0
COOPERATIVA DE ECONOMIA E CRÉDITO MÚTUO DOS FUNCIONÁRIOS DO GRUPO LORENZETTI,2439.0
COOPERATIVA DE CRÉDITO MÚTUO DOS CORRETORES DE SEGUROS DO ESTADO DE SÃO PAULO - SICOOB CREDICOR/SP,2424.0
COOPERATIVA DE ECONOMIA E CRÉDITO MÚTUO DOS FUNCIONÁRIOS DA VILLARES METALS,2414.0
COOPERATIVA DE CRÉDITO SICOOBMAIS  LTDA. - SICOOBMAIS,2414.0
AGENCIA DE FOMENTO DO AMAPA S.A.,2407.0
"COOPERATIVA DE CRÉDITO, POUPANÇA E INVESTIMENTO DO SISTEMA DE JUSTIÇA NO ESTADO DO CEARÁ - SICREDI COOPERJURIS",2392.0
COOPERATIVA DE ECONOMIA E CREDITO MUTUO DOS SERVIDORES DA EMPRESA BRASILEIRA DE CORREIOS E TELEGRAFOS LTDA,2380.0
COOPERATIVA DE CRÉDITO DE LIVRE ADMISSÃO DE CERES E RIALMA LTDA,2359.0
COOPERATIVA DE CRÉDITO DOS SERVIDORES PÚBLICOS MUNICIPAIS DE TIMÓTEO LTDA. - COOPERTIM,2339.0
COOPERATIVA DE ECONOMIA E CRÉDITO MÚTUO DOS FUNCIONÁRIOS DA ERICSSON - COOPERICSSON,2242.0
COOPERATIVA DE CRÉDITO MÚTUO DOS PROFISSIONAIS DA SAÚDE E LIVRE ADMISSÃO DE TEÓFILO OTONI LTDA. - UNICRED TRÊS VALES,2239.0
COOPESTADO - COOPERATIVA DE ECONOMIA E CRÉDITO MÚTUO DOS SERVIDORES PÚBLICOS NA REGIÃO METROPOLITANA DO ESTADO DO RIO DE JANEIRO LIMITADA,2211.0
COOPERATIVA DE ECONOMIA E CREDITO MUTUO DOS SERVIDORES PUBLICOS DE PINHÃO - CRESERV-PINHÃO,2183.0
COOPERATIVA DE CREDITO CLASSICA DO ESTADO DO RIO DE JANEIRO - SICOOB EMPRESAS RJ,2164.0
COOPERATIVA DE CRÉDITO DE LIVRE ADMISSÃO SICOOB UNIÃO SUDESTE,2142.0
SICOOB CREDIMONTES - COOPERATIVA DE CRÉDITO DE LIVRE ADMISSÃO REGIONAL DE MONTES CLAROS LTDA,2122.0
COOPERATIVA DE ECONOMIA E CRÉDITO MÚTUO DOS SERVIDORES DA PREFEITURA MUNICIPAL DE ORLÂNDIA - CRED SERV,2102.0
COOPERATIVA DE ECONOMIA E CRÉDITO MÚTUO DOS EMPREGADOS DAS INDÚSTRIAS UNILEVER DO BRASIL,2065.0
COOPERATIVA DE CRÉDITO E SERVIÇOS FINANCEIROS DE CURITIBA E REGIÃO METROPOLITANA,2025.0
COOPERATIVA DE CRÉDITO MÚTUO DOS SERVIDORES DA SEGURANÇA PÚBLICA DE SÃO PAULO - CREDIAFAM,2010.0
COOPERATIVA DE CRÉDITO MÚTUO DOS DESPACHANTES DE TRÂNSITO DE SANTA CATARINA E RIO GRANDE DO SUL - SICOOB CREDITRAN,1992.0
BOCOM,1989.0
DEUTSCHE SPARKASSEN LEASING DO BRASIL BANCO MÚLTIPLO S.A.,1987.0
COOPERATIVA DE CRÉDITO DE LIVRE ADMISSÃO DA REGIÃO SUL DO MARANHÃO - SICREDI SUL DO MARANHÃO,1977.0
COOPERATIVA DE CREDITO DO MERCADO IMOBILIÁRIO - SICOOB IMOB.VC,1968.0
COOPERATIVA DE CRÉDITO DOS MÉDICOS E PROFISSIONAIS DE SAÚDE DE SÃO LUÍS - SICREDI SÃO LUÍS,1967.0
COOPERATIVA DE ECONOMIA E CRÉDITO MÚTUO DOS TRABALHADORES NAS INDÚSTRIAS DE EXTRAÇÃO DE FERRO E METAIS BÁSICOS DA REGIÃO DE CONGONHAS LTDA. - COOFERSE,1958.0
COOPERATIVA DE CREDITO DOS SERVIDORES DA UNIVERSIDADE FEDERAL DO ESPIRITO SANTO,1918.0
OXY COMPANHIA HIPOTECÁRIA,1884.0
MEDCRED COOPERATIVA DE CRÉDITO,1872.0
COOPERATIVA DE CRÉDITO DE LIVRE ADMISSÃO SUL MARANHENSE - SICOOB SUL MARANHENSE,1857.0
MONEY PLUS,1843.0
COOPERATIVA DE ECONOMIA E CRÉDITO MÚTUO DOS EMPREGADOS DA CONFAB,1836.0
COOPERATIVA DE CRÉDITO DOS BANCÁRIOS DE SÃO PAULO E MUNICÍPIOS LIMÍTROFES,1832.0
COOPERATIVA DE ECONOMIA E CRÉDITO MÚTUO DOS FUNCIONÁRIOS DA TETRA PAK,1830.0
UNIPRIME OURO - COOPERATIVA DE CRÉDITO DE OURO,1828.0
COOPERATIVA DE ECONOMIA E CRÉDITO MÚTUO DOS FUNCIONÁRIOS DO GRUPO SUGGAR LTDA.,1825.0
CREDIALIANÇA COOPERATIVA DE CRÉDITO RURAL,1820.0
CF GROUP SOCIEDADE DE EMPRÉSTIMO ENTRE PESSOAS S.A.,1817.0
COOPERATIVA DE CRÉDITO MÚTUO DOS FUNCIONÁRIOS DA RICLAN,1816.0
COOPERATIVA DE ECONOMIA E CRÉDITO MÚTUO DOS EMPREGADOS DA SAMARCO MINERAÇÃO S.A. LTDA - CREDISAM,1780.0
COOPERATIVA DE ECONOMIA E CRÉDÍTO MÚTUO DOS FUNCIONÁRIOS DA MWM TUPY DO BRASIL,1776.0
COOPERATIVA DE CRÉDITO DE LIVRE ADMISSÃO DE RORAIMA LTDA.,1765.0
COOPERATIVA DE ECONOMIA E CRÉDITO MÚTUO DOS COLABORADORES DA CEBRACE,1765.0
COOPERATIVA DE ECONOMIA E CRÉDITO MÚTUO DOS FUNCIONÁRIOS DA MORLAN - CRED MORLAN,1712.0
"COOPERATIVA DE CRÉDITO, POUPANÇA E INVESTIMENTO DOS JUÍZES E CARREIRAS PÚBLICAS DO DIREITO DO ESTADO DO RIO GRANDE DO SUL - SICREDI AJURIS RS",1707.0
COOPERATIVA DE ECONOMIA E CRÉDITO MÚTUO DOS SERVIDORES DO DISTRITO FEDERAL LTDA. - COOSERVCRED,1677.0
COOPERATIVA DE ECONOMIA E CRÉDITO MÚTUO DOS SERVIDORES PÚBLICOS DO PODER EXECUTIVO FEDERAL NO ESTADO DO ESPÍRITO SANTO - CREDES,1667.0
"DUFRIO FINANCEIRA, CRÉDITO, FINANCIAMENTO E INVESTIMENTOS S.A.",1665.0
INDEPENDÊNCIA COOPERATIVA DE CRÉDITO E INVESTIMENTO - INDEPENDÊNCIA COOPERATIVA DE CRÉDITO,1652.0
ACCREDITO - SOCIEDADE DE CRÉDITO DIRETO S.A.,1634.0
FONTECRED - SOCIEDADE DE CRÉDITO DIRETO S/A,1634.0
COOPERATIVA DE ECONOMIA E CREDITO MUTUO DOS EMPREGADOS DE CHOCOLATES GAROTO LTDA. - CREDI-GAROTO,1624.0
BANCO LETSBANK S.A.,1604.0
COOPERATIVA DE ECONOMIA E CRÉDITO MÚTUO DOS FUNCIONÁRIOS DAS EMPRESAS DO GRUPO DANA - COOPDANA,1570.0
COOPERATIVA DE CRÉDITO CREDIPIMENTA LTDA. - SICOOB CREDIPIMENTA,1552.0
COOPERATIVA DE ECONOMIA E CRÉDITO MÚTUO DOS EMPREGADOS DA PONTIFÍCIA UNIVERSIDADE CATÓLICA DO RIO DE JANEIRO E EMPREGADOS EM ESTABELECIMENTOS PRIVADOS DE ENSINO DO MUNICÍPIO DO RIO DE JANEIRO LTDA.,1544.0
FFCRED SOCIEDADE DE CRÉDITO DIRETO S.A..,1535.0
COOPERATIVA DE ECONOMIA E CRÉDITO MÚTUO DOS EMPREGADOS DA MOSAIC FERTILIZANTES DE UBERABA - COPERURA LTDA.,1535.0
COOPERATIVA DE CRÉDITO COOPHARMA,1530.0
COOPERATIVA DE CRÉDITO MÚTUO DOS SERVIDORES FEDERAIS NA PARAÍBA - SICOOB COOPERCRET,1509.0
COOPERATIVA DE CREDITO RURAL DE IBIAM - SULCREDI/IBIAM,1481.0
BANSUR JM SOCIEDADE DE CRÉDITO DIRETO S/A,1445.0
CREDISIS OESTE - COOPERATIVA DE CRÉDITO E INVESTIMENTO DO OESTE,1445.0
COOPERATIVA DE ECONOMIA E CRÉDITO MÚTUO DOS EMPREGADOS DA MAGNESITA REFRATÁRIOS S.A. LTDA. - CECREM,1435.0
COOPERATIVA DE CRÉDITO MÚTUO DOS SERVIDORES MUNICIPAIS DE BEBEDOURO - COOCRESB.,1433.0
BANCO TOPÁZIO S.A.,1432.0
COOPERATIVA DE CRÉDITO CLÁSSICA DOS FUNCIONÁRIOS E PRESTADORES DE SERVIÇOS DAS EMPRESAS LIGADAS AO GRUPO EUCATUR LTDA. - SICOOB EUCRED,1423.0
COOPERATIVA DE ECONOMIA CRÉDITO MÚTUO - SICOOB CREDSAÚDE,1413.0
CARTOS SOCIEDADE DE CRÉDITO DIRETO S.A.,1409.0
COOPERATIVA DE ECONOMIA E CRÉDITO MÚTUO DO VALE DAS ANTAS LTDA. - UNICRED PIONEIRA,1400.0
COOPERATIVA DE CRÉDITO MÚTUO DOS EMPREGADOS DA FIAÇÃO ALPINA - COOPERALPINA,1398.0
COOPERATIVA DE ECONOMIA E CREDITO MUTUO DOS FUNCIONARIOS DO EXPRESSO PRINCESA DOS CAMPOS,1398.0
COOPERATIVA DE ECONOMIA E CRÉDITO MÚTUO DOS FUNCIONÁRIOS DA SELENE,1378.0
COOPERATIVA DE ECONOMIA E CREDITO MUTUO DOS EMPREGADOS DE ESTABELECIMENTOS HOSPITALARES DO SUL DO ESTADO DO ESPIRITO SANTO - SULCRED,1376.0
SICOOB CREDIGOIÁS COOPERATIVA DE CRÉDITO LTDA.,1375.0
COOPERATIVA DE ECONOMIA E CRÉDITO MÚTUO DOS PETROLEIROS NO ESTADO DE MINAS GERAIS LTDA. - COPETRO,1367.0
GREENCRED - COOPERATIVA DE CREDITO,1339.0
"COOPERATIVA DE CRÉDITO, POUPANÇA E SERVIÇOS FINANCEIROS DE AGRICULTORES E AEROPORTUÁRIOS DO BRASIL - CREHNOR",1332.0
"TENTOS S.A. CRÉDITO, FINANCIAMENTO E INVESTIMENTO",1314.0
COOPERATIVA DE ECONOMIA E CREDITO MUTUO JOHN F. KENNEDY LTDA,1312.0
COOPERATIVA DE ECONOMIA E CREDITO MUTUO DOS EMPREGADOS DOS LABORATORIOS B.BRAUN LTDA,1305.0
RAPIDIUM SOCIEDADE DE CRÉDITO AO MICROEMPREENDEDOR E À EMPRESA DE PEQUENO PORTE S.A.,1304.0
COOPERATIVA DE CRÉDITO MÚTUO DOS EMPREGADOS DA PILKINGTON BRASIL,1300.0
LAMARA SOCIEDADE DE CRÉDITO DIRETO S.A.,1295.0
COOPERATIVA DE ECONOMIA E CREDITO MÚTUO DOS PROFESSORES ESTADUAIS DA REGIÃO METROPOLITANA DE PORTO ALEGRE - EDUCREDI,1287.0
"COOPERATIVA DE ECONOMIA E CRÉDITO MÚTUO DOS EMPREGADOS DA CNC, SESC E SENAC ADMINISTRAÇÕES NACIONAIS LTDA.",1272.0
COOPERATIVA DE ECONOMIA E CREDITO MUTUO DOS TRABALHADORES PORTUARIOS DA GRANDE VITORIA - CREDESTIVA.,1255.0
COOPERATIVA DE ECONOMIA E CRÉDITO MÚTUO DOS ELETRICITÁRIOS E DOS TRABALHADORES DAS EMPRESAS DO SETOR DE ENERGIA - COOPCRECE,1248.0
CREDISIS COOPERUFPA - COOPERATIVA DE ECONOMIA E CRÉDITO MÚTUO DOS SERVIDORES PÚBLICOS FEDERAIS E ESTADUAIS E DAS ENTIDADES DE ENSINO COM SEUS RESPECTIVOS FUNCIONÁRIOS NO ESTADO DO PARÁ,1246.0
FFA SOCIEDADE DE CRÉDITO AO MICROEMPREENDEDOR E À EMPRESA DE PEQUENO PORTE LTDA.,1233.0
"COOPERATIVA DE CRÉDITO DOS CONTADORES, ADMINISTRADORES DE EMPRESAS, ECONOMISTAS E CORRETORES DE SEGUROS LTDA. - SICOOB CREDITABIL",1232.0
COOPERATIVA DE ECONOMIA E CRÉDITO MÚTUO DOS EMPREGADOS DA SAINT-GOBAIN DO BRASIL PRODUTOS INDUSTRIAIS E PARA CONSTRUÇÃO - DIVISÃO VIDRO PLANO,1232.0
VNK SOCIEDADE DE CRÉDITO AO MICROEMPREENDEDOR E À EMPRESA DE PEQUENO PORTE LTDA.,1229.0
COOPERATIVA DE ECONOMIA E CRÉDITO MÚTUO DOS EMPREGADOS DA RECKITT BENCKISER,1216.0
COOPERATIVA DE CRÉDITO E INVESTIMENTO COM INTERAÇÃO SOLIDÁRIA DE NOVA MUTUM E REGIÃO - CRESOL MATO GROSSO,1201.0
FIDEM SOCIEDADE DE CRÉDITO DIRETO S/A,1189.0
COOPERATIVA DE ECONOMIA E CREDITO MUTUO DOS FUNCIONARIOS DA VIACAO NOSSA SENHORA DO AMPARO LTDA. - COPERFAMP,1181.0
COOPERATIVA DE ECONOMIA E CREDITO MUTUO DOS SERVIDORES MUNICIPAIS DO SUL FLUMINENSE LTDA.,1180.0
NOSSA TERRA COOPERATIVA DE CRÉDITO DOS EMPREGADOS DAS EMPRESAS DE AGRONEGÓCIO E AFINS,1173.0
COOPERATIVA DE ECONOMIA E CRÉDITO MÚTUO DOS FUNCIONÁRIOS DA EDUCAÇÃO E COMUNICAÇÃO,1172.0
COOPERATIVA DE ECONOMIA E CRÉDITO MÚTUO DOS EMPREGADOS DAS EMPRESAS SOMART LTDA.,1172.0
COOPERATIVA DE CRÉDITO MÚTUO DOS FUNCIONÁRIOS DAS EMPRESAS FERROVIÁRIAS NO ESTADO DE SÃO PAULO,1168.0
COOPERATIVA DE ECONOMIA E CREDITO MUTUO DOS SERVIDORES PUBLICOS MUNICIPAIS DE PORTO ALEGRE,1164.0
COOPERATIVA DE ECONOMIA E CRÉDITO MÚTUO DOS FUNCIONÁRIOS DA OWENS CORNING FIBERGLAS AMÉRICA DO SUL,1155.0
COOPERATIVA DE CRÉDITO DE LIVRE ADMISSÃO DA REGIÃO DO CAPARAÓ LTDA. - SICOOB SAÚDE,1153.0
COOPERATIVA DE ECONOMIA E CREDITO MUTUO DOS EMPREGADOS DO GRUPO BAYER LTDA,1152.0
COOPERATIVA DE CRÉDITO MÚTUO DOS SERVIDORES DO MINISTERIO DA EDUCAÇÃO EM SÃO PAULO - COOPEMESP,1145.0
CREDISIS CAPITALCREDI - COOPERATIVA DE CRÉDITO DE LIVRE ADMISSÃO DO ACRE LTDA,1140.0
COOPERATIVA DE CRÉDITO MÚTUO DOS EMPREGADOS DA SKF E COLIGADAS,1128.0
COOPERATIVA DE ECONOMIA E CRÉDITO MÚTUO DOS TRABALHADORES DA CIA. DE PROCESSAMENTO DE DADOS DO ESTADO DE SÃO PAULO - CREDIPRODESP,1126.0
"CREDITÁ S/A CRÉDITO, FINANCIAMENTO E INVESTIMENTO",1125.0
COOPERATIVA DE ECONOMIA E CRÉDITO MÚTUO DOS MAGISTRADOS DE SÃO PAULO - MAGISCRED,1124.0
DAPPER - SOCIEDADE DE CRÉDITO DIRETO S/A,1121.0
COOPERATIVA DE ECONOMIA E CRÉDITO MÚTUO DOS EMPREGADOS DA INDÚSTRIA DE PAPÉIS SUDESTE LTDA . - CREDESTE,1117.0
SERVNET INSTITUIÇÃO DE PAGAMENTO LTDA.,1116.0
CREDISIS/CREDISUL COOPERATIVA DE CRÉDITO,1095.0
COOPERATIVA DE ECONOMIA E CRÉDITO MÚTUO DOS FUNCIONÁRIOS DO GRUPO MAUÁ E EMPRESAS COLIGADAS LTDA. - COOPMAUÁ,1084.0
BANCO XCMG BRASIL S.A.,1067.0
COOPERATIVA DE ECONOMIA E CRÉDITO MÚTUO DOS FUNCIONÁRIOS DA FACULDADE DE CIÊNCIAS AGRÁRIAS E VETERINÁRIAS - CAMPUS DE JABOTICABAL/SP - COOPERFAC,1065.0
COOPERATIVA DE ECONOMIA E CRÉDITO MÚTUO DOS FUNCIONÁRIOS DA ASTRAZENECA DO BRASIL,1064.0
COOPERATIVA DE ECONOMIA E CRÉDITO MÚTUO DOS FUNCIONÁRIOS DAS EMPRESAS MELHORAMENTOS DE SÃO PAULO - COOPERMEL,1062.0
SOCRED S.A. - SOCIEDADE DE CRÉDITO AO MICROEMPREENDEDOR E À EMPRESA DE PEQUENO PORTE,1039.0
"COOPERATIVA DE CRÉDITO, POUPANÇA E INVESTIMENTO DAS CARREIRAS DO MINISTÉRIO PÚBLICO, TRIBUNAL DE CONTAS E SECRETARIA DA FAZENDA DO RIO GRANDE DO SUL - SICREDI MP RS",1031.0
COOPERATIVA DE ECONOMIA E CRÉDITO MÚTUO DOS EMPREGADOS DAS EMPRESAS DE DIVERSÕES DO ESTADO DE SÃO PAULO,1024.0
"COOPERATIVA DE CRÉDITO MÚTUO DOS FUNCIONÁRIOS DA FIEP, SESI, SENAI, IEL E DO CONDOMÍNIO EDIFÍCIO AGOSTINHO VELLOSO DA SILVEIRA (CEAVS  - CREDFISP LTDA.",953.0
COOPERATIVA DE ECONOMIA E CRÉDITO MÚTUO DOS EMPREGADOS DA EATON,942.0
COOPERATIVA DE ECONOMIA E CREDITO MUTUO DOS FUNCIONARIOS DA GKN DO BRASIL LTDA,921.0
COOPERATIVA DE CRÉDITO DE ITAPETININGA - SICOOB CRED-ACI,907.0
COOPERATIVA DE ECONOMIA E CRÉDITO MÚTUO DOS EMPREGADOS DA JOLIMODE ROUPAS E EMPRESAS COLIGADAS LTDA,903.0
DOCK INSTITUIÇÃO DE PAGAMENTO S.A.,903.0
"COMPREV - CRÉDITO, FINANCIAMENTO E INVESTIMENTO S.A.",885.0
"COOPERATIVA DE ECONOMIA E CRÉDITO MÚTUO SERVIDORES PÚBLICOS ATIVOS, INATIVOS E PENSIONISTAS DA ADMINISTRAÇÃO DIRETA, INDIRETA E ASSEMBLÉIA LEGISLATIVA DO ESTADO DO RIO GRANDE SUL - COOPSERGS",874.0
"COOPERATIVA DE ECONOMIA E CRÉDITO MÚTUO DOS EMPREGADOS DA BECTON DICKINSON INDÚSTRIAS CIRÚRGICAS LTDA., LTDA.",869.0
COOPERATIVA DE ECONOMIA E CRÉDITO MÚTUO DOS FUNCIONÁRIOS DA ACUMENT BRASIL,854.0
COOPERATIVA DE ECONOMIA E CRÉDITO MÚTUO DOS SERVIDORES DA PREFEITURA MUNICIPAL DE VOTORANTIM,850.0
COOPERATIVA DE ECONOMIA E CRÉDITO MÚTUO DOS EMPREGADOS DA PRODAM/SP - CREDIPRODAM,834.0
COOPERATIVA DE CRÉDITO MÚTUO DOS SERVIDORES DE ÓRGAOS GESTORES DE RECURSOS HÍDRICOS DO ESTADO DE SÃO PAULO - COOPERHIDRO,833.0
COOPERATIVA DE ECONOMIA E CRÉDITO MÚTUO DOS EMPREGADOS DA UNIFI - CREDIUNIFI,807.0
ECONOMISA COMPANHIA HIPOTECÁRIA.,800.0
COOPERATIVA DE ECONOMIA E CRÉDITO MÚTUO DOS FUNCIONÁRIOS DAS EMPRESAS ITAÚ,799.0
"COOPERATIVA DE CRÉDITO, POUPANÇA E SERVIÇOS FINANCEIROS",785.0
BANCO GUANABARA S.A.,771.0
CREDIFIT SOCIEDADE DE CRÉDITO DIRETO S.A.,765.0
COOPERATIVA E ECONOMIA E CRÉDITO MÚTUO DOS MÉDICOS DO PLANALTO MÉDIO DO RIO GRANDE DO SUL LTDA. - CREDISIS/CREDIPLAN,765.0
COOPERATIVA DE ECONOMIA E CRÉDITO MÚTUO DOS EMPREGADOS DAS EMPRESAS PLASCAR,751.0
COOPERATIVA DE ECONOMIA E CRÉDITO MÚTUO DOS EMPREGADOS DE KYN COMÉRCIO VAREJISTA E ATACADISTA - COOPER KYN,746.0
ZIPDIN SOLUÇÕES DIGITAIS SOCIEDADE DE CRÉDITO DIRETO S/A,745.0
COOPERATIVA DE CRÉDITO MÚTUO DOS SERVIDORES DA ASSEMBLEIA LEGISLATIVA DO ESTADO DE SÃO PAULO - COOPERALESP,737.0
COOPERATIVA DE ECONOMIA E CRÉDITO MÚTUO DOS EMPREGADOS DA JOYSON SAFETY SYSTEMS - COOPERJSS,725.0
"COOPERATIVA DE CRÉDITO MÚTUO DOS EMPREGADOS DAS INDÚSTRIAS DO PAPEL, PAPELÃO E CORTIÇA DE OTACÍLIO COSTA, LAGES E CORREA PINTO - PAPELCREDI",721.0
LEASEPLAN ARRENDAMENTO MERCANTIL S.A.,719.0
SICOOB UNISP - COOPERATIVA DE CRÉDITO,708.0
COOPERATIVA DE ECONOMIA E CRÉDITO MÚTUO DOS FUNCIONÁRIOS DO PODER JUDICIÁRIO E SERVIDORES PÚBLICOS DO ESTADO DE SÃO PAULO - SPCRED,698.0
EAGLE SOCIEDADE DE CRÉDITO DIRETO S.A.,693.0
BONUSPAGO SOCIEDADE DE CRÉDITO DIRETO S.A.,690.0
"COOPSEBRAE - COOPERATIVA DE CREDITO MUTUO DOS EMPREGADOS DO SEBRAE/PB, SEBRAE/RN, SESC/PB, SENAC/PB E SENAR/PB",686.0
COOPERATIVA DE ECONOMIA E CRÉDITO MÚTUO DOS FUNCIONÁRIOS DA USINA SANTA MARIA - PILONCRED,677.0
COOPERATIVA DE ECONOMIA E CRÉDITO MÚTUO DOS SERVIDORES DA SECRETARIA DE DEFESA SOCIAL DO ESTADO DE MINAS GERAIS LTDA. - COOPSESP,666.0
COOPERATIVA DE ECONOMIA E CREDITO MUTUO DOS SERVIDORES ESTATUTARIOS DA ADMINISTRAÇÃO DIRETA DO ESTADO DO ESPIRITO SANTO - COOPSERVIDOR ES,662.0
"COOPERATIVA DE ECONOMIA E CRÉDITO MÚTUO DOS EMPREGADOS DAS EMPRESAS SIDERÚRGICAS, METALÚRGICAS E ELETRO-MECÂNICAS DE JOÃO MONLEVADE LTDA. - CREDIBELGO",646.0
COOPERATIVA DE ECONOMIA E CREDITO MUTUO DOS TRABALHADORES EM CONSELHOS DE FISCALIZACAO PROFISSIONAL NO MUNICIPIO DO RIO DE JANEIRO LTDA.,635.0
COOPERATIVA DE CRÉDITO DOS EMPREGADOS DAS EMPRESAS DO GRUPO INDORAMA NO BRASIL,629.0
COOPERATIVA DE CRÉDITO DOS EMPREGADOS DO GRUPO AKZO NOBEL BRASIL - COOP AKZONOBEL,628.0
SOCIALCRED S/A - SOCIEDADE DE CRÉDITO AO MICROEMPREENDEDOR E À EMPRESA DE PEQUENO PORTE,604.0
COOPERATIVA DE ECONOMIA E CRÉDITO MÚTUO DOS EMPREGADOS DO GRUPO PARAMOUNT,595.0
"COOPERATIVA DE CRÉDITO DOS EMPREGADOS DA CBA ITAPISSUMA E EMPREGADOS DE EMPRESAS PRESTADORA DE SERVIÇOS INDUSTRIAIS, NO ESTADO DE PERNAMBUCO - CREDCOOPE",593.0
COOPERATIVA DE CRÉDITO RURAL DE IRAÍ DE MINAS LTDA -SICOOB CREDIMIL,576.0
COOPERATIVA DE ECONOMIA E CRÉDITO MÚTUO DOS TRABALHADORES DAS INDÚSTRIAS METALÚRGICAS DE PORTO ALEGRE E GRANDE PORTO ALEGRE,575.0
COOPERATIVA DE ECONOMIA E CREDITO MUTUO DOS EMPREGADOS DA CIA DE ELETRICIDADE DO ESTADO DO RJ CREDICERJ LTDA,570.0
CHG-MERIDIAN DO BRASIL ARRENDAMENTO MERCANTIL S.A.,567.0
COOPERATIVA DE ECONOMIA E CREDITO MUTUO DOS TRABALHADORES DO GRUPO EMPRESARIAL ITATIAIA LTDA. - COOPERITA,562.0
COOPERATIVA DE ECONOMIA E CRÉDITO MÚTUO DOS FUNCIONÁRIOS DO GRUPO AVIBRAS - COOPER AVIBRAS,559.0
"COOPERATIVA DE CRÉDITO DOS FUNCIONÁRIOS DA PERPART, DO IPA E DA ADAGRO - COOPEMATER",541.0
COOPERATIVA DE ECONOMIA E CRÉDITO MÚTUO DOS FUNCIONÁRIOS DA NAKATA,530.0
COOPERATIVA DE CRÉDITO DOS EMPRESÁRIOS DE MANAUS - SICOOB CREDEMPRESAS-AM,530.0
SOCIETE GENERALE,529.0
COOPERATIVA DE CRÉDITO DE CAPITAL E EMPRÉSTIMO DOS TRABALHADORES NAS EMPRESAS DE TECNOLOGIA E INFORMÁTICA DE BELO HORIZONTE E CIDADES LIMÍTROFES LTDA - COOPERINFOR,509.0
COOPSERJ - COOPERATIVA DE CRÉDITO MÚTUO DOS SERVIDORES PÚBLICOS DO PODER EXECUTIVO DO ESTADO DO RIO DE JANEIRO LTDA.,506.0
CSILATINA ARRENDAMENTO MERCANTIL S.A.,492.0
VIA CAPITAL - SOCIEDADE DE CRÉDITO DIRETO S/A,485.0
CREDJUST - COOPERATIVA DE CRÉDITO MÚTUO DOS INTEGRANTES DA JUSTIÇA DO TRABALHO DA 13- REGIÃO LTDA.,480.0
COOPERATIVA DE CRÉDITO MÚTUO DOS POLICIAIS FEDERAIS E SERVIDORES PÚBLICOS NO ESPÍRITO SANTO - CREDFEDERAL,471.0
COOPERATIVA DE ECONOMIA E CRÉDITO MÚTUO DOS FUNCIONÁRIOS DO GRUPO GERDAU - AÇOS FINOS PIRATINI,454.0
COOPERATIVA DE ECONOMIA E CRÉDITO MÚTUO DOS SERVIDORES PÚBLICOS DA REGIÃO METROPOLITANA DE BELÉM - CREDISIS CREDBEM METROPOLITANA,454.0
COOPERATIVA DE CRÉDITO DOS EMPREGADOS DO GRUPO NEFFA E DEMAIS ESTABELECIMENTOS DO SETOR DE ALIMENTOS DA GRANDE VITÓRIA.,444.0
"PLANTAE S.A. - CRÉDITO, FINANCIAMENTO E INVESTIMENTO",439.0
GLOBAL FINANÇAS SOCIEDADE DE CRÉDITO AO MICROEMPREENDEDOR E À EMPRESA DE PEQUENO PORTE LTDA.,436.0
COOPERATIVA DE ECONOMIA E CRÉDITO MÚTUO DOS EMPREGADOS DA MOSAIC FERTILIZANTES DO BRASIL - COCRESGO LTDA.,435.0
COOPERATIVA DE ECONOMIA E CRÉDITO MÚTUO DOS EMPREGADOS DA FUNDAÇÃO ARTHUR BERNARDES LTDA. - COOFAB,426.0
COOPERATIVA DE ECONOMIA E CRÉDITO MÚTUO DOS COLABORADORES DA COOPEDER LTDA - COOPCREDER,425.0
"COOPERATIVA DE ECONOMIA E CREDITO MUTUO DOS EMPREGADOS NAS INDUSTRIAS QUIMICAS, FARMACEUTICAS E SIMILARES DA REGIAO METROPOLITANA DO RIO DE JANEIRO LTDA",417.0
COOPERATIVA DE ECONOMIA E CRÉDITO MÚTUO DOS SERVIDORES DA UNESP - COOPUNESP,402.0
COOPERATIVA DE ECONOMIA E CREDITO MUTUO DOS FUNCIONARIOS DA FMC LTDA,401.0
COOPERATIVA DE ECONOMIA E CRÉDITO MÚTUO DOS SERVIDORES DA FACULDADE DE ENGENHARIA DE ILHA SOLTEIRA - COOPERFEIS,397.0
COOPERATIVA DE CRÉDITO DE SERVIDORES DA UESC - UESCOOP,394.0
UBS (BRASIL),385.0
COOPERATIVA DE ECONOMIA E CRÉDITO MÚTUO DOS SERVIDORES DA POLÍCIA MILITAR DO ESTADO DE SÃO PAULO DA REGIÃO CENTRO-OESTE PAULISTA - CREDMIL,379.0
COOPERATIVA DE CRÉDITO DOS MAGISTRADOS DO ESTADO DO RIO DE JANEIRO LTDA. - MAGICREDI-RJ,378.0
FINANCRED - SOCIEDADE DE CRÉDITO AO MICROEMPREENDEDOR E A EMPRESA DE PEQUENO PORTE LTDA.,371.0
COOPERATIVA DE ECONOMIA E CRÉDITO MÚTUO DOS EMPREGADOS DA PROLEC GE BRASIL TRANSMISSÃO DE ENERGIA S.A.,364.0
COOPERATIVA DE CREDITO RURAL DE GUACUI - CREDIGUAÇUÍ,358.0
COOPERATIVA DE CRÉDITO MÚTUO DOS TRABALHADORES DO SISTEMA FINANCEIRO DE CURITIBA E REGIÃO - COOPCREFI,330.0
COOPERATIVA DE ECONOMIA E CREDITO MUTUO DOS SERVIDORES DA ASCAR/EMATER-RS LTDA-CRESAL,329.0
COOPERATIVA DE ECONOMIA E CRÉDITO MÚTUO DOS MEMBROS DO MINISTÉRIO PÚBLICO DE SÃO PAULO - PROMOCRED,320.0
COOPERATIVA DE CREDITO DOS FORNECEDORES DE CANA E DEMAIS PRODUTORES RURAIS DO CENTRO DO ESTADO DE SAO PAULO - CREDICENTRO,291.0
COOPERATIVA DE ECONOMIA E CREDITO MUTUO DOS SERVIDORES DA UERJ LTDA. - COOPUERJ,289.0
HSCM - SOCIEDADE DE CRÉDITO AO MICROEMPREENDEDOR E À EMPRESA DE PEQUENO PORTE LTDA.,274.0
HR SOCIEDADE DE CRÉDITO AO MICROEMPREENDEDOR E À EMPRESA DE PEQUENO PORTE LTDA.,274.0
COOPERATIVA DE CRÉDITO RURAL - CREDICANA,273.0
COOPERATIVA DE ECONOMIA E CRÉDITO MÚTUO DOS FABRICANTES DE CALÇADOS DE SAPIRANGA LTDA.,269.0
CREDISIS COOPESA - COOPERATIVA DE ECONOMIA E CRÉDITO,268.0
BANCO TRICURY S.A.,265.0
COOPERATIVA DE CRÉDITO DOS FUNCIONÁRIOS DO GRUPO PPG,262.0
COOPERATIVA DE CRÉDITO DOS SERVIDORES DO MUNICIPIO DE SANTO ANDRÉ - SP - CECRESA,256.0
COOPERATIVA DE ECONOMIA E CRÉDITO MUTUO DOS FUNCIONÁRIOS DE INSTITUIÇÕES FINANCEIRAS PUBLICAS E PRIVADAS NO TERRITÓRIO NACIONAL - CREDBRASIL,253.0
AGÊNCIA DE FOMENTO DO ESTADO DO AMAZONAS S.A. - AFEAM,242.0
COOPERATIVA DE CRÉDITO MÚTUO DOS EMPREGADOS DO CENTRO UNIVERSITÁRIO NEWTON PAIVA LTDA. - CREDIPAIVA,241.0
COOPERATIVA DE ECONOMIA E CREDITO MUTUO DOS EMPREGADOS DO COLEGIO SANTO INACIO - COESI,237.0
COOPERATIVA DE ECONOMIA E CREDITO MUTUO DOS SERVIDORES DO COLEGIO PEDRO II,233.0
PALMA SOCIEDADE DE CRÉDITO DIRETO S.A.,232.0
GERU SOCIEDADE DE CRÉDITO DIRETO S.A.,232.0
FIDÚCIA SOCIEDADE DE CRÉDITO AO MICROEMPREENDEDOR E À EMPRESA DE PEQUENO PORTE LIMITADA.,218.0
DEUTSCHE BANK S.A. - BANCO ALEMAO,215.0
COOPERATIVA DE ECONOMIA E CREDITO MUTUO DOS FUNCIONARIOS DA SANEPAR - CREDISANEPAR,211.0
COOPERATIVA DE CRÉDITO DOS FORNECEDORES DE CANA DE BARRA BONITA E REGIÃO,203.0
COOPERATIVA DE ECONOMIA E CRÉDITO MÚTUO DOS FUNCIONÁRIOS DO GRUPO VOTORANTIM LIMITADA.,202.0
COOPERATIVA DE CRÉDITO RURAL DOS FORNECEDORES DE CANA DA REGIÃO DE CATANDUVA-COFOCRED,200.0
QUEROCRED SOCIEDADE DE CRÉDITO DIRETO S.A.,192.0
COOPERATIVA DE ECONOMIA E CRÉDITO MÚTUO DOS EMPREGADOS DO SEBRAE BAHIA LTDA.,191.0
COOPERATIVA DE CRÉDITO MÚTUO DOS SERVIDORES PÚBLICOS MUNICIPAIS DE JABOTICABAL - COOPERSERV,191.0
INCO SOCIEDADE DE EMPRÉSTIMO ENTRE PESSOAS S.A.,190.0
"COBUCCIO S/A - SOCIEDADE DE CRÉDITO, FINANCIAMENTO E INVESTIMENTOS",190.0
COOPERATIVA DE ECONOMIA E CREDITO MUTUO DOS MEDICOS E DEMAIS PROFISSIONAIS DA SAUDE DE JOACABA,181.0
COOPERATIVA DE CRÉDITO DE CAPITAL E EMPRÉSTIMO DOS EMPREGADOS CELETISTAS DE COOPERATIVAS DOS ESTADOS DE SÃO PAULO E MINAS GERAIS - COCREUNI,181.0
OURIBANK S.A. BANCO MÚLTIPLO,181.0
BARU SOCIEDADE DE CRÉDITO DIRETO S/A,174.0
REPOM INSTITUIÇÃO DE PAGAMENTO HUSA S.A.,166.0
COOPERATIVA DE ECONOMIA E CRÉDITO MÚTUO DOS BANCÁRIOS DE JUIZ DE FORA LTDA. - COCBAN,163.0
PERCAPITAL SOCIEDADE DE CRÉDITO DIRETO S.A.,163.0
KONECT SOCIEDADE DE CRÉDITO DIRETO S/A,162.0
BANCO HSBC S.A.,153.0
ATLANTA SOCIEDADE DE CRÉDITO AO MICROEMPREENDEDOR LTDA,152.0
BANCO CARGILL S.A.,145.0
COOPERATIVA DE ECONOMIA E CRÉDITO MÚTUO DOS BANCÁRIOS DE BELO HORIZONTE E REGIÃO METROPOLITANA LTDA. - COOPEB,136.0
CAIXA GERAL,135.0
BANCO IBM S.A.,134.0
COOPERATIVA DE CRÉDITO MÚTUO DOS EMPREGADOS EM INSTITUIÇÕES DO SISTEMA FINANCEIRO NAS REGIÕES DE SÃO PAULO E CAMPINAS (SP) - CREDISCOOP,134.0
FATORI SOCIEDADE DE CRÉDITO AO MICROEMPREENDEDOR E À EMPRESA DE PEQUENO PORTE LTDA.,127.0
JP MORGAN CHASE,125.0
COOPERATIVA DE CRÉDITO RURAL DOS PLANTADORES DE CANA DE ALAGOAS,124.0
TULLETT PREBON BRASIL,123.0
VOITER,123.0
CORPORE SOCIEDADE DE CRÉDITO DIRETO S.A.,119.0
BANCO MIZUHO DO BRASIL S.A.,119.0
ASAAS GESTÃO FINANCEIRA INSTITUIÇÃO DE PAGAMENTO S.A.,117.0
MONETARIE SOCIEDADE DE CRÉDITO DIRETO S.A.,116.0
OPPENS SOCIEDADE DE EMPRESTIMO ENTRE PESSOAS S.A,115.0
BOFA MERRILL LYNCH,114.0
HBI SOCIEDADE DE CRÉDITO DIRETO S/A.,104.0
BANCO INDUSCRED DE INVESTIMENTO S.A.,102.0
HUB INSTITUIÇÃO DE PAGAMENTO S.A.,99.0
BANCO SUMITOMO MITSUI BRASILEIRO S.A.,99.0
CASA DO CRÉDITO S.A. SOCIEDADE DE CRÉDITO AO MICROEMPREENDEDOR,97.0
COOPERATIVA DE CRÉDITO DOS METALÚRGICOS DO ABC - CREDABC,96.0
DELCRED SOCIEDADE DE CRÉDITO DIRETO S.A.,95.0
INTESA SANPAOLO BRASIL S.A. - BANCO MÚLTIPLO,92.0
COOPERATIVA DE CRÉDITO MÚTUO DOS EMPREGADOS EM EMPRESAS ADMINISTRADORAS DE AEROPORTOS - AEROCRED,92.0
COOPERATIVA DE ECONOMIA E CRÉDITO MÚTUO DOS FUNCIONÁRIOS DO BANESPA DE BOTUCATU E CIDADES LIMÍTROFES,92.0
SOLFÁCIL SOCIEDADE DE CRÉDITO DIRETO S.A.,91.0
PAGOL SOCIEDADE DE CRÉDITO DIRETO S.A.,90.0
FIDO SOCIEDADE DE EMPRÉSTIMO ENTRE PESSOAS S.A.,85.0
MH SOCIEDADE DE CRÉDITO DIRETO S.A.,81.0
"ATRIA S.A.- CRÉDITO, FINANCIAMENTO E INVESTIMENTO",79.0
BANCO MUFG BRASIL S.A.,76.0
BANCO CRÉDIT AGRICOLE BRASIL S.A.,76.0
COOPERATIVA CENTRAL DE CRÉDITO DE SANTA CATARINA E RIO GRANDE DO SUL - SICOOB CENTRAL SC/RS,74.0
CREDILON SOCIEDADE DE CRÉDITO AO MICROEMPREENDEDOR DA REGIÃO DE LONDRINA LTDA.,72.0
ISSUER INSTITUICAO DE PAGAMENTO LTDA.,69.0
CONFIDENCE,68.0
ATICCA - SOCIEDADE DE CRÉDITO DIRETO S.A.,64.0
HR DIGITAL - SOCIEDADE DE CRÉDITO DIRETO S/A,61.0
BNK DIGITAL SOCIEDADE DE CRÉDITO DIRETO S.A.,61.0
BANCO DA CHINA BRASIL S.A.,58.0
ALL IN CRED SOCIEDADE DE CREDITO DIRETO S.A.,58.0
BANCO WOORI BANK DO BRASIL S.A.,57.0
COOPERATIVA DE CRÉDITO RURAL DOS PLANTADORES DE CANA DA REGIÃO DE IGARAPAVA,56.0
INTEGRAÇÃO DE CRÉDITO E COBRANÇA SOCIEDADE DE CRÉDITO DIRETO S.A.,51.0
BEZZ SOCIEDADE DE CRÉDITO DIRETO S.A.,51.0
BANCO PORTO REAL DE INVESTIMENTOS S.A,45.0
KIKAI SOCIEDADE DE CRÉDITO DIRETO S.A.,44.0
CENTRAL DAS COOPERATIVAS DE ECONOMIA E CREDITO DO ESTADO DE MINAS GERAIS LTDA. - SICOOB CENTRAL CECREMGE,39.0
SETHI SOCIEDADE DE CRÉDITO DIRETO S.A.,38.0
BANCO KEB HANA DO BRASIL S.A.,36.0
"COOPERATIVA CENTRAL DE CRÉDITO DE GOIÁS, DISTRITO FEDERAL E TOCANTINS LTDA. - SICOOB NOVA CENTRAL",35.0
BANCO DE LA NACION ARGENTINA,35.0
PÓLOCRED   SOCIEDADE DE CRÉDITO AO MICROEMPREENDEDOR E À EMPRESA DE PEQUENO PORTE LTDA.,34.0
COOPERATIVA DE ECONOMIA E CRÉDITO MÚTUO DOS BANCÁRIOS DO TRIÂNGULO LTDA.,33.0
"DIRECAO S.A. CREDITO, FINANCIAMENTO E INVESTIMENTO",32.0
MAGNUM SOCIEDADE DE CRÉDITO DIRETO S.A.,30.0
COOPERATIVA DE ECONOMIA E CRÉDITO MÚTUO DOS BANCÁRIOS DE SOROCABA E REGIÃO,28.0
CREDIMÓVEL SOCIEDADE DE CRÉDITO DIRETO S.A.,28.0
ASA SOCIEDADE DE CRÉDITO DIRETO S.A.,24.0
COOPERATIVA CENTRAL DE CRÉDITO - AILOS,24.0
ASAAS SOCIEDADE DE CREDITO DIRETO S.A.,23.0
BR PARTNERS BANCO DE INVESTIMENTO S.A.,22.0
ICBC DO BRASIL BANCO MÚLTIPLO S.A.,21.0
HAITONG,20.0
"CENTRAL DAS COOPERATIVAS DE CRÉDITO DOS ESTADOS DE MATO GROSSO, MATO GROSSO DO SUL E DO MUNICÍPIO DE CACOAL/RO - SICOOB CENTRAL RONDON",19.0
CENTRAL DAS COOPERATIVAS DE CRÉDITO DO ESTADO DE SÃO PAULO - SICOOB CENTRAL CECRESP,19.0
COOPERATIVA CENTRAL DE CREDITO DO ESPIRITO SANTO - SICOOB CENTRAL ES,18.0
"COOPERATIVA CENTRAL DE CRÉDITO, POUPANÇA E INVESTIMENTO DO NORDESTE - CENTRAL SICREDI NORDESTE",18.0
BANCO KDB DO BRASIL S.A.,18.0
COOPERATIVA CENTRAL DE CRÉDITO E ECONOMIA COM INTERAÇÃO SOLIDÁRIA - CRESOL CENTRAL BRASIL,18.0
BIZCAPITAL SOCIEDADE DE CRÉDITO DIRETO S.A.,17.0
UNAVANTI SOCIEDADE DE CRÉDITO DIRETO S/A,17.0
COOPERATIVA CENTRAL DE CRÉDITO COM INTERAÇÃO SOLIDÁRIA - CENTRAL CRESOL BASER,16.0
CENTRAL SICOOB UNI DE COOPERATIVAS DE CRÉDITO,15.0
COOPERATIVA CENTRAL DE CRÉDITO DE MINAS GERAIS LTDA. - SICOOB CENTRAL CREDIMINAS,14.0
BANCO CEDULA S.A.,12.0
PROVU SOCIEDADE DE CRÉDITO DIRETO S.A.,11.0
PLANNER,10.0
FISERV SOCIEDADE DE CRÉDITO DIRETO S.A.,9.0
COOPERATIVA CENTRAL DE CRÉDITO E INVESTIMENTO COM INTERAÇÃO SOLIDÁRIA - CENTRAL CRESOL SICOPER,8.0
LISTO SOCIEDADE DE CREDITO DIRETO S.A.,7.0
BANCO DE LA PROVINCIA DE BUENOS AIRES,7.0
STARCRED SOCIEDADE DE CRÉDITO DIRETO S.A.,7.0
TRINUS,6.0
COOPERATIVA CENTRAL DE CRÉDITO DA BAHIA LTDA - SICOOB CENTRAL BA,6.0
SCOTIABANK,6.0
BRCONDOS SOCIEDADE DE CRÉDITO DIRETO S.A.,6.0
RV2 SOCIEDADE DE EMPRÉSTIMO ENTRE PESSOAS S.A.,6.0
CONFEDERAÇÃO NACIONAL DAS COOPERATIVAS CENTRAIS DE CRÉDITO E ECONOMIA FAMILIAR E SOLIDÁRIA - CRESOL CONFEDERAÇÃO,6.0
BANCO FATOR S.A.,5.0
NIXFIN SOCIEDADE DE CRÉDITO DIRETO S.A.,5.0
COOPERATIVA CENTRAL DE CRÉDITO DO NORTE DO BRASIL - SICOOB NORTE,5.0
CENTRAL DAS COOPERATIVAS DE CRÉDITO DO NORDESTE - SICOOB CENTRAL NE,5.0
FINAZO SOCIEDADE DE CRÉDITO DIRETO S.A.,4.0
GOLDMAN SACHS,4.0
SOCIAL BANK BANCO MÚLTIPLO S/A,4.0
COOPERATIVA DE CRÉDITO UNICRED CENTRAL MULTIRREGIONAL LTDA. - UCM,3.0
CODEPE,3.0
BANQI INSTITUICAO DE PAGAMENTO LTDA.,3.0
CREDISIS - CENTRAL DE COOPERATIVAS DE CRÉDITO LTDA.,3.0
COOPERATIVA CENTRAL DE CRÉDITO DO ESTADO DE SÃO PAULO - SICOOB SÃO PAULO,3.0
FAMÍLIA PAULISTA COMPANHIA HIPOTECÁRIA,3.0
COOPERATIVA CENTRAL DE ECONOMIA E CRÉDITO SICOOB UNIMAIS RIO LTDA.,3.0
DANK SOCIEDADE DE CRÉDITO DIRETO S.A.,2.0
CREDI-SHOP - SOCIEDADE DE CRÉDITO DIRETO S.A.,2.0
"STONE SOCIEDADE DE CREDITO, FINANCIAMENTO E INVESTIMENTO S.A.",2.0
NVIO BRASIL SOCIEDADE DE CRÉDITO DIRETO S.A.,2.0
"MIRAE ASSET (BRASIL) CORRETORA DE CÂMBIO, TÍTULOS  E VALORES MOBILIÁRIOS LTDA.",2.0
BAMAQ CAPITAL - SOCIEDADE DE CRÉDITO DIRETO S/A,2.0
BLU SOCIEDADE DE CRÉDITO DIRETO S.A.,1.0
A55 SOCIEDADE DE CRÉDITO DIRETO S.A.,1.0
COOPERATIVA CENTRAL DE CRÉDITO COM INTERAÇÃO SOLIDÁRIA - CENTRAL CRESOL NORDESTE EM LIQUIDAÇÃO,1.0
SER FINANCE SOCIEDADE DE CRÉDITO DIRETO S.A.,1.0
321 SOCIEDADE DE CRÉDITO DIRETO S.A.,1.0
